"Landesindex der Konsumentenpreise / Indice des prix à la consommation","...2","...3","...4","...5","...6","...7","...8","...9","...10","...11","...12","...13","© Bundesamt für Statistik / Office fédéral de la statistique, Espace de l'Europe 10, CH-2010 Neuchâtel"
"Indexierungstabelle / Tableau d'indexation",NA,NA,NA,NA,NA,NA,NA,NA,NA,NA,NA,NA,"Auskunft / Renseignements: LIK@bfs.admin.ch, 058 / 463 69 00"
"Originalbasen / Bases originales",NA,NA,NA,NA,NA,NA,NA,NA,NA,NA,NA,NA,"http://www.LIK.bfs.admin.ch"
"Datum / Date",5266,14458,24351,28369,30286,34090,36647,2005-12-01,2010-12-01,2015-12-01,2020-12-01,"% m-1","% m-12"
"7672",215.7,NA,NA,NA,NA,NA,NA,NA,NA,NA,NA,NA,NA
"7703",213.2,NA,NA,NA,NA,NA,NA,NA,NA,NA,NA,"-1.2",NA
"7731",210.3,NA,NA,NA,NA,NA,NA,NA,NA,NA,NA,"-1.4",NA
"7762",208.2,NA,NA,NA,NA,NA,NA,NA,NA,NA,NA,"-1",NA
"7792",203.3,NA,NA,NA,NA,NA,NA,NA,NA,NA,NA,"-2.4",NA
"7823",199.5,NA,NA,NA,NA,NA,NA,NA,NA,NA,NA,"-1.9",NA
"7853",197.5,NA,NA,NA,NA,NA,NA,NA,NA,NA,NA,"-1",NA
"7884",196.6,NA,NA,NA,NA,NA,NA,NA,NA,NA,NA,"-0.5",NA
"7915",194.3,NA,NA,NA,NA,NA,NA,NA,NA,NA,NA,"-1.2",NA
"7945",192.2,NA,NA,NA,NA,NA,NA,NA,NA,NA,NA,"-1.1000000000000001",NA
"7976",188.4,NA,NA,NA,NA,NA,NA,NA,NA,NA,NA,"-2",NA
"8006",183.8,NA,NA,NA,NA,NA,NA,NA,NA,NA,NA,"-2.4",NA
"8037",183.2,NA,NA,NA,NA,NA,NA,NA,NA,NA,NA,"-0.3","-15.1"
"8068",175.8,NA,NA,NA,NA,NA,NA,NA,NA,NA,NA,"-4","-17.5"
"8096",168.7,NA,NA,NA,NA,NA,NA,NA,NA,NA,NA,"-4","-19.8"
"8127",163.6,NA,NA,NA,NA,NA,NA,NA,NA,NA,NA,"-3","-21.4"
"8157",159.5,NA,NA,NA,NA,NA,NA,NA,NA,NA,NA,"-2.5","-21.5"
"8188",159.2,NA,NA,NA,NA,NA,NA,NA,NA,NA,NA,"-0.2","-20.2"
"8218",159.6,NA,NA,NA,NA,NA,NA,NA,NA,NA,NA,"0.3","-19.2"
"8249",158.3,NA,NA,NA,NA,NA,NA,NA,NA,NA,NA,"-0.8","-19.5"
"8280",158.4,NA,NA,NA,NA,NA,NA,NA,NA,NA,NA,"0.1","-18.5"
"8310",159.6,NA,NA,NA,NA,NA,NA,NA,NA,NA,NA,"0.8","-17"
"8341",160.7,NA,NA,NA,NA,NA,NA,NA,NA,NA,NA,"0.7","-14.7"
"8371",160.6,NA,NA,NA,NA,NA,NA,NA,NA,NA,NA,"-0.1","-12.6"
"8402",160.9,NA,NA,NA,NA,NA,NA,NA,NA,NA,NA,"0.2","-12.2"
"8433",159.6,NA,NA,NA,NA,NA,NA,NA,NA,NA,NA,"-0.8","-9.1999999999999993"
"8461",160.4,NA,NA,NA,NA,NA,NA,NA,NA,NA,NA,"0.5","-4.9000000000000004"
"8492",161.7,NA,NA,NA,NA,NA,NA,NA,NA,NA,NA,"0.8","-1.2"
"8522",163.2,NA,NA,NA,NA,NA,NA,NA,NA,NA,NA,"0.9","2.2999999999999998"
"8553",164.7,NA,NA,NA,NA,NA,NA,NA,NA,NA,NA,"0.9","3.5"
"8583",164.7,NA,NA,NA,NA,NA,NA,NA,NA,NA,NA,"0","3.2"
"8614",164.7,NA,NA,NA,NA,NA,NA,NA,NA,NA,NA,"0","4"
"8645",164.8,NA,NA,NA,NA,NA,NA,NA,NA,NA,NA,"0.1","4"
"8675",165.3,NA,NA,NA,NA,NA,NA,NA,NA,NA,NA,"0.3","3.6"
"8706",167.5,NA,NA,NA,NA,NA,NA,NA,NA,NA,NA,"1.3","4.2"
"8736",168.3,NA,NA,NA,NA,NA,NA,NA,NA,NA,NA,"0.5","4.8"
"8767",169,NA,NA,NA,NA,NA,NA,NA,NA,NA,NA,"0.4","5"
"8798",168.2,NA,NA,NA,NA,NA,NA,NA,NA,NA,NA,"-0.5","5.4"
"8827",168.2,NA,NA,NA,NA,NA,NA,NA,NA,NA,NA,"0","4.9000000000000004"
"8858",167.4,NA,NA,NA,NA,NA,NA,NA,NA,NA,NA,"-0.5","3.5"
"8888",167.1,NA,NA,NA,NA,NA,NA,NA,NA,NA,NA,"-0.2","2.4"
"8919",167.6,NA,NA,NA,NA,NA,NA,NA,NA,NA,NA,"0.3","1.8"
"8949",168.1,NA,NA,NA,NA,NA,NA,NA,NA,NA,NA,"0.3","2.1"
"8980",168,NA,NA,NA,NA,NA,NA,NA,NA,NA,NA,"-0.1","2"
"9011",168.2,NA,NA,NA,NA,NA,NA,NA,NA,NA,NA,"0.1","2.1"
"9041",170.8,NA,NA,NA,NA,NA,NA,NA,NA,NA,NA,"1.5","3.3"
"9072",171.5,NA,NA,NA,NA,NA,NA,NA,NA,NA,NA,"0.4","2.4"
"9102",171.1,NA,NA,NA,NA,NA,NA,NA,NA,NA,NA,"-0.2","1.7"
"9133",169.7,NA,NA,NA,NA,NA,NA,NA,NA,NA,NA,"-0.8","0.4"
"9164",169.6,NA,NA,NA,NA,NA,NA,NA,NA,NA,NA,"-0.1","0.8"
"9192",169.3,NA,NA,NA,NA,NA,NA,NA,NA,NA,NA,"-0.2","0.7"
"9223",168.3,NA,NA,NA,NA,NA,NA,NA,NA,NA,NA,"-0.6","0.5"
"9253",168,NA,NA,NA,NA,NA,NA,NA,NA,NA,NA,"-0.2","0.5"
"9284",168.1,NA,NA,NA,NA,NA,NA,NA,NA,NA,NA,"0.1","0.3"
"9314",167.9,NA,NA,NA,NA,NA,NA,NA,NA,NA,NA,"-0.1","-0.1"
"9345",168,NA,NA,NA,NA,NA,NA,NA,NA,NA,NA,"0.1","0"
"9376",168.4,NA,NA,NA,NA,NA,NA,NA,NA,NA,NA,"0.2","0.1"
"9406",167.3,NA,NA,NA,NA,NA,NA,NA,NA,NA,NA,"-0.7","-2"
"9437",167.2,NA,NA,NA,NA,NA,NA,NA,NA,NA,NA,"-0.1","-2.5"
"9467",166.8,NA,NA,NA,NA,NA,NA,NA,NA,NA,NA,"-0.2","-2.5"
"9498",165.8,NA,NA,NA,NA,NA,NA,NA,NA,NA,NA,"-0.6","-2.2999999999999998"
"9529",164.3,NA,NA,NA,NA,NA,NA,NA,NA,NA,NA,"-0.9","-3.1"
"9557",163.4,NA,NA,NA,NA,NA,NA,NA,NA,NA,NA,"-0.5","-3.5"
"9588",162,NA,NA,NA,NA,NA,NA,NA,NA,NA,NA,"-0.9","-3.7"
"9618",161.8,NA,NA,NA,NA,NA,NA,NA,NA,NA,NA,"-0.1","-3.7"
"9649",161.7,NA,NA,NA,NA,NA,NA,NA,NA,NA,NA,"-0.1","-3.8"
"9679",161.6,NA,NA,NA,NA,NA,NA,NA,NA,NA,NA,"-0.1","-3.8"
"9710",160.8,NA,NA,NA,NA,NA,NA,NA,NA,NA,NA,"-0.5","-4.3"
"9741",161.1,NA,NA,NA,NA,NA,NA,NA,NA,NA,NA,"0.2","-4.3"
"9771",161.4,NA,NA,NA,NA,NA,NA,NA,NA,NA,NA,"0.2","-3.5"
"9802",161,NA,NA,NA,NA,NA,NA,NA,NA,NA,NA,"-0.2","-3.7"
"9832",160.9,NA,NA,NA,NA,NA,NA,NA,NA,NA,NA,"-0.1","-3.5"
"9863",160.2,NA,NA,NA,NA,NA,NA,NA,NA,NA,NA,"-0.4","-3.4"
"9894",159.7,NA,NA,NA,NA,NA,NA,NA,NA,NA,NA,"-0.3","-2.8"
"9922",158.8,NA,NA,NA,NA,NA,NA,NA,NA,NA,NA,"-0.6","-2.8"
"9953",158,NA,NA,NA,NA,NA,NA,NA,NA,NA,NA,"-0.5","-2.5"
"9983",159.6,NA,NA,NA,NA,NA,NA,NA,NA,NA,NA,"1","-1.4"
"10014",160.4,NA,NA,NA,NA,NA,NA,NA,NA,NA,NA,"0.5","-0.8"
"10044",160,NA,NA,NA,NA,NA,NA,NA,NA,NA,NA,"-0.2","-1"
"10075",159.8,NA,NA,NA,NA,NA,NA,NA,NA,NA,NA,"-0.1","-0.6"
"10106",161.2,NA,NA,NA,NA,NA,NA,NA,NA,NA,NA,"0.9","0.1"
"10136",161.5,NA,NA,NA,NA,NA,NA,NA,NA,NA,NA,"0.2","0.1"
"10167",162.3,NA,NA,NA,NA,NA,NA,NA,NA,NA,NA,"0.5","0.8"
"10197",162,NA,NA,NA,NA,NA,NA,NA,NA,NA,NA,"-0.2","0.7"
"10228",161.3,NA,NA,NA,NA,NA,NA,NA,NA,NA,NA,"-0.4","0.7"
"10259",160.6,NA,NA,NA,NA,NA,NA,NA,NA,NA,NA,"-0.4","0.6"
"10288",159.8,NA,NA,NA,NA,NA,NA,NA,NA,NA,NA,"-0.5","0.6"
"10319",160.1,NA,NA,NA,NA,NA,NA,NA,NA,NA,NA,"0.2","1.3"
"10349",160.4,NA,NA,NA,NA,NA,NA,NA,NA,NA,NA,"0.2","0.5"
"10380",160.8,NA,NA,NA,NA,NA,NA,NA,NA,NA,NA,"0.2","0.2"
"10410",161.1,NA,NA,NA,NA,NA,NA,NA,NA,NA,NA,"0.2","0.7"
"10441",160.6,NA,NA,NA,NA,NA,NA,NA,NA,NA,NA,"-0.3","0.5"
"10472",161,NA,NA,NA,NA,NA,NA,NA,NA,NA,NA,"0.2","-0.1"
"10502",162,NA,NA,NA,NA,NA,NA,NA,NA,NA,NA,"0.6","0.3"
"10533",162.3,NA,NA,NA,NA,NA,NA,NA,NA,NA,NA,"0.2","0"
"10563",162.2,NA,NA,NA,NA,NA,NA,NA,NA,NA,NA,"-0.1","0.1"
"10594",161.3,NA,NA,NA,NA,NA,NA,NA,NA,NA,NA,"-0.6","0"
"10625",161.3,NA,NA,NA,NA,NA,NA,NA,NA,NA,NA,"0","0.4"
"10653",160.6,NA,NA,NA,NA,NA,NA,NA,NA,NA,NA,"-0.4","0.5"
"10684",159.3,NA,NA,NA,NA,NA,NA,NA,NA,NA,NA,"-0.8","-0.5"
"10714",160,NA,NA,NA,NA,NA,NA,NA,NA,NA,NA,"0.4","-0.2"
"10745",161,NA,NA,NA,NA,NA,NA,NA,NA,NA,NA,"0.6","0.1"
"10775",160.8,NA,NA,NA,NA,NA,NA,NA,NA,NA,NA,"-0.1","-0.2"
"10806",161.6,NA,NA,NA,NA,NA,NA,NA,NA,NA,NA,"0.5","0.6"
"10837",162.5,NA,NA,NA,NA,NA,NA,NA,NA,NA,NA,"0.6","0.9"
"10867",162.5,NA,NA,NA,NA,NA,NA,NA,NA,NA,NA,"0","0.3"
"10898",162,NA,NA,NA,NA,NA,NA,NA,NA,NA,NA,"-0.3","-0.2"
"10928",161.5,NA,NA,NA,NA,NA,NA,NA,NA,NA,NA,"-0.3","-0.4"
"10959",160.6,NA,NA,NA,NA,NA,NA,NA,NA,NA,NA,"-0.6","-0.4"
"10990",159.8,NA,NA,NA,NA,NA,NA,NA,NA,NA,NA,"-0.5","-0.9"
"11018",159.4,NA,NA,NA,NA,NA,NA,NA,NA,NA,NA,"-0.3","-0.7"
"11049",157.9,NA,NA,NA,NA,NA,NA,NA,NA,NA,NA,"-0.9","-0.9"
"11079",157.8,NA,NA,NA,NA,NA,NA,NA,NA,NA,NA,"-0.1","-1.4"
"11110",158.3,NA,NA,NA,NA,NA,NA,NA,NA,NA,NA,"0.3","-1.7"
"11140",158.6,NA,NA,NA,NA,NA,NA,NA,NA,NA,NA,"0.2","-1.4"
"11171",158.8,NA,NA,NA,NA,NA,NA,NA,NA,NA,NA,"0.1","-1.7"
"11202",158.7,NA,NA,NA,NA,NA,NA,NA,NA,NA,NA,"-0.1","-2.2999999999999998"
"11232",157.7,NA,NA,NA,NA,NA,NA,NA,NA,NA,NA,"-0.6","-3"
"11263",157.3,NA,NA,NA,NA,NA,NA,NA,NA,NA,NA,"-0.3","-2.9"
"11293",156.2,NA,NA,NA,NA,NA,NA,NA,NA,NA,NA,"-0.7","-3.3"
"11324",155.6,NA,NA,NA,NA,NA,NA,NA,NA,NA,NA,"-0.4","-3.1"
"11355",154.7,NA,NA,NA,NA,NA,NA,NA,NA,NA,NA,"-0.6","-3.2"
"11383",153.1,NA,NA,NA,NA,NA,NA,NA,NA,NA,NA,"-1","-4"
"11414",150.6,NA,NA,NA,NA,NA,NA,NA,NA,NA,NA,"-1.6","-4.5999999999999996"
"11444",150.3,NA,NA,NA,NA,NA,NA,NA,NA,NA,NA,"-0.2","-4.8"
"11475",150.2,NA,NA,NA,NA,NA,NA,NA,NA,NA,NA,"-0.1","-5.0999999999999996"
"11505",149.9,NA,NA,NA,NA,NA,NA,NA,NA,NA,NA,"-0.2","-5.5"
"11536",149.2,NA,NA,NA,NA,NA,NA,NA,NA,NA,NA,"-0.5","-6"
"11567",149.2,NA,NA,NA,NA,NA,NA,NA,NA,NA,NA,"0","-6"
"11597",147.6,NA,NA,NA,NA,NA,NA,NA,NA,NA,NA,"-1.1000000000000001","-6.4"
"11628",146.7,NA,NA,NA,NA,NA,NA,NA,NA,NA,NA,"-0.6","-6.7"
"11658",144.8,NA,NA,NA,NA,NA,NA,NA,NA,NA,NA,"-1.3","-7.3"
"11689",143.7,NA,NA,NA,NA,NA,NA,NA,NA,NA,NA,"-0.8","-7.6"
"11720",142.3,NA,NA,NA,NA,NA,NA,NA,NA,NA,NA,"-1","-8"
"11749",141.7,NA,NA,NA,NA,NA,NA,NA,NA,NA,NA,"-0.4","-7.4"
"11780",139.7,NA,NA,NA,NA,NA,NA,NA,NA,NA,NA,"-1.4","-7.2"
"11810",138.7,NA,NA,NA,NA,NA,NA,NA,NA,NA,NA,"-0.7","-7.7"
"11841",138.3,NA,NA,NA,NA,NA,NA,NA,NA,NA,NA,"-0.3","-7.9"
"11871",137.6,NA,NA,NA,NA,NA,NA,NA,NA,NA,NA,"-0.5","-8.1999999999999993"
"11902",137,NA,NA,NA,NA,NA,NA,NA,NA,NA,NA,"-0.4","-8.1999999999999993"
"11933",136.4,NA,NA,NA,NA,NA,NA,NA,NA,NA,NA,"-0.4","-8.6"
"11963",136.2,NA,NA,NA,NA,NA,NA,NA,NA,NA,NA,"-0.1","-7.7"
"11994",135.5,NA,NA,NA,NA,NA,NA,NA,NA,NA,NA,"-0.5","-7.6"
"12024",134.4,NA,NA,NA,NA,NA,NA,NA,NA,NA,NA,"-0.8","-7.2"
"12055",133.4,NA,NA,NA,NA,NA,NA,NA,NA,NA,NA,"-0.7","-7.2"
"12086",132.8,NA,NA,NA,NA,NA,NA,NA,NA,NA,NA,"-0.4","-6.7"
"12114",132.1,NA,NA,NA,NA,NA,NA,NA,NA,NA,NA,"-0.5","-6.8"
"12145",131.2,NA,NA,NA,NA,NA,NA,NA,NA,NA,NA,"-0.7","-6.1"
"12175",130.5,NA,NA,NA,NA,NA,NA,NA,NA,NA,NA,"-0.5","-5.9"
"12206",130.8,NA,NA,NA,NA,NA,NA,NA,NA,NA,NA,"0.2","-5.4"
"12236",130.7,NA,NA,NA,NA,NA,NA,NA,NA,NA,NA,"-0.1","-5"
"12267",130.7,NA,NA,NA,NA,NA,NA,NA,NA,NA,NA,"0","-4.5999999999999996"
"12298",131.2,NA,NA,NA,NA,NA,NA,NA,NA,NA,NA,"0.4","-3.8"
"12328",131.2,NA,NA,NA,NA,NA,NA,NA,NA,NA,NA,"0","-3.7"
"12359",131.4,NA,NA,NA,NA,NA,NA,NA,NA,NA,NA,"0.2","-3"
"12389",131.3,NA,NA,NA,NA,NA,NA,NA,NA,NA,NA,"-0.1","-2.2999999999999998"
"12420",131.1,NA,NA,NA,NA,NA,NA,NA,NA,NA,NA,"-0.2","-1.7"
"12451",130.8,NA,NA,NA,NA,NA,NA,NA,NA,NA,NA,"-0.2","-1.5"
"12479",130.1,NA,NA,NA,NA,NA,NA,NA,NA,NA,NA,"-0.5","-1.5"
"12510",129.9,NA,NA,NA,NA,NA,NA,NA,NA,NA,NA,"-0.2","-1"
"12540",129.2,NA,NA,NA,NA,NA,NA,NA,NA,NA,NA,"-0.5","-1"
"12571",129.5,NA,NA,NA,NA,NA,NA,NA,NA,NA,NA,"0.2","-1"
"12601",129,NA,NA,NA,NA,NA,NA,NA,NA,NA,NA,"-0.4","-1.3"
"12632",128.7,NA,NA,NA,NA,NA,NA,NA,NA,NA,NA,"-0.2","-1.5"
"12663",128.8,NA,NA,NA,NA,NA,NA,NA,NA,NA,NA,"0.1","-1.8"
"12693",128.8,NA,NA,NA,NA,NA,NA,NA,NA,NA,NA,"0","-1.8"
"12724",129,NA,NA,NA,NA,NA,NA,NA,NA,NA,NA,"0.2","-1.8"
"12754",128.8,NA,NA,NA,NA,NA,NA,NA,NA,NA,NA,"-0.2","-1.9"
"12785",128,NA,NA,NA,NA,NA,NA,NA,NA,NA,NA,"-0.6","-2.4"
"12816",127.5,NA,NA,NA,NA,NA,NA,NA,NA,NA,NA,"-0.4","-2.5"
"12844",127.2,NA,NA,NA,NA,NA,NA,NA,NA,NA,NA,"-0.2","-2.2000000000000002"
"12875",126.6,NA,NA,NA,NA,NA,NA,NA,NA,NA,NA,"-0.5","-2.5"
"12905",126.3,NA,NA,NA,NA,NA,NA,NA,NA,NA,NA,"-0.2","-2.2000000000000002"
"12936",127.3,NA,NA,NA,NA,NA,NA,NA,NA,NA,NA,"0.8","-1.7"
"12966",128.2,NA,NA,NA,NA,NA,NA,NA,NA,NA,NA,"0.7","-0.6"
"12997",128.7,NA,NA,NA,NA,NA,NA,NA,NA,NA,NA,"0.4","0"
"13028",128.8,NA,NA,NA,NA,NA,NA,NA,NA,NA,NA,"0.1","0"
"13058",129.3,NA,NA,NA,NA,NA,NA,NA,NA,NA,NA,"0.4","0.4"
"13089",129.9,NA,NA,NA,NA,NA,NA,NA,NA,NA,NA,"0.5","0.7"
"13119",130,NA,NA,NA,NA,NA,NA,NA,NA,NA,NA,"0.1","0.9"
"13150",129.7,NA,NA,NA,NA,NA,NA,NA,NA,NA,NA,"-0.2","1.3"
"13181",129.5,NA,NA,NA,NA,NA,NA,NA,NA,NA,NA,"-0.2","1.6"
"13210",129.7,NA,NA,NA,NA,NA,NA,NA,NA,NA,NA,"0.2","2"
"13241",129.9,NA,NA,NA,NA,NA,NA,NA,NA,NA,NA,"0.2","2.6"
"13271",129.5,NA,NA,NA,NA,NA,NA,NA,NA,NA,NA,"-0.3","2.5"
"13302",130.1,NA,NA,NA,NA,NA,NA,NA,NA,NA,NA,"0.5","2.2000000000000002"
"13332",130.2,NA,NA,NA,NA,NA,NA,NA,NA,NA,NA,"0.1","1.6"
"13363",130.2,NA,NA,NA,NA,NA,NA,NA,NA,NA,NA,"0","1.2"
"13394",130.5,NA,NA,NA,NA,NA,NA,NA,NA,NA,NA,"0.2","1.3"
"13424",131.6,NA,NA,NA,NA,NA,NA,NA,NA,NA,NA,"0.8","1.8"
"13455",132,NA,NA,NA,NA,NA,NA,NA,NA,NA,NA,"0.3","1.6"
"13485",132,NA,NA,NA,NA,NA,NA,NA,NA,NA,NA,"0","1.5"
"13516",133.5,NA,NA,NA,NA,NA,NA,NA,NA,NA,NA,"1.1000000000000001","2.9"
"13547",136.4,NA,NA,NA,NA,NA,NA,NA,NA,NA,NA,"2.2000000000000002","5.3"
"13575",136.3,NA,NA,NA,NA,NA,NA,NA,NA,NA,NA,"-0.1","5.0999999999999996"
"13606",136.7,NA,NA,NA,NA,NA,NA,NA,NA,NA,NA,"0.3","5.2"
"13636",136.3,NA,NA,NA,NA,NA,NA,NA,NA,NA,NA,"-0.3","5.3"
"13667",137.2,NA,NA,NA,NA,NA,NA,NA,NA,NA,NA,"0.7","5.5"
"13697",137.1,NA,NA,NA,NA,NA,NA,NA,NA,NA,NA,"-0.1","5.3"
"13728",137,NA,NA,NA,NA,NA,NA,NA,NA,NA,NA,"-0.1","5.2"
"13759",137,NA,NA,NA,NA,NA,NA,NA,NA,NA,NA,"0","5"
"13789",137.6,NA,NA,NA,NA,NA,NA,NA,NA,NA,NA,"0.4","4.5999999999999996"
"13820",137.8,NA,NA,NA,NA,NA,NA,NA,NA,NA,NA,"0.1","4.4000000000000004"
"13850",137.8,NA,NA,NA,NA,NA,NA,NA,NA,NA,NA,"0","4.4000000000000004"
"13881",137.8,NA,NA,NA,NA,NA,NA,NA,NA,NA,NA,"0","3.2"
"13912",137.4,NA,NA,NA,NA,NA,NA,NA,NA,NA,NA,"-0.3","0.7"
"13940",137,NA,NA,NA,NA,NA,NA,NA,NA,NA,NA,"-0.3","0.5"
"13971",136.5,NA,NA,NA,NA,NA,NA,NA,NA,NA,NA,"-0.4","-0.1"
"14001",136.3,NA,NA,NA,NA,NA,NA,NA,NA,NA,NA,"-0.1","0"
"14032",136.9,NA,NA,NA,NA,NA,NA,NA,NA,NA,NA,"0.4","-0.2"
"14062",136.8,NA,NA,NA,NA,NA,NA,NA,NA,NA,NA,"-0.1","-0.2"
"14093",136.4,NA,NA,NA,NA,NA,NA,NA,NA,NA,NA,"-0.3","-0.4"
"14124",137.3,NA,NA,NA,NA,NA,NA,NA,NA,NA,NA,"0.7","0.2"
"14154",137.1,NA,NA,NA,NA,NA,NA,NA,NA,NA,NA,"-0.1","-0.4"
"14185",137.1,NA,NA,NA,NA,NA,NA,NA,NA,NA,NA,"0","-0.5"
"14215",136.9,NA,NA,NA,NA,NA,NA,NA,NA,NA,NA,"-0.1","-0.7"
"14246",136.6,NA,NA,NA,NA,NA,NA,NA,NA,NA,NA,"-0.2","-0.9"
"14277",136,NA,NA,NA,NA,NA,NA,NA,NA,NA,NA,"-0.4","-1"
"14305",135.9,NA,NA,NA,NA,NA,NA,NA,NA,NA,NA,"-0.1","-0.8"
"14336",136.4,NA,NA,NA,NA,NA,NA,NA,NA,NA,NA,"0.4","-0.1"
"14366",136.7,NA,NA,NA,NA,NA,NA,NA,NA,NA,NA,"0.2","0.3"
"14397",137.4,NA,NA,NA,NA,NA,NA,NA,NA,NA,NA,"0.5","0.4"
"14427",137.5,NA,NA,NA,NA,NA,NA,NA,NA,NA,NA,"0.1","0.5"
"14458",137.2,100,NA,NA,NA,NA,NA,NA,NA,NA,NA,"-0.2","0.6"
"14489",138.2,100.7,NA,NA,NA,NA,NA,NA,NA,NA,NA,"0.7","0.7"
"14519",140.5,102.4,NA,NA,NA,NA,NA,NA,NA,NA,NA,"1.7","2.5"
"14550",141.7,103.3,NA,NA,NA,NA,NA,NA,NA,NA,NA,"0.9","3.4"
"14580",142,103.5,NA,NA,NA,NA,NA,NA,NA,NA,NA,"0.2","3.7"
"14611",144.2,105.1,NA,NA,NA,NA,NA,NA,NA,NA,NA,"1.5","5.6"
"14642",144.6,105.4,NA,NA,NA,NA,NA,NA,NA,NA,NA,"0.3","6.3"
"14671",144.8,105.5,NA,NA,NA,NA,NA,NA,NA,NA,NA,"0.1","6.5"
"14702",147.3,107.4,NA,NA,NA,NA,NA,NA,NA,NA,NA,"1.7","8"
"14732",148.2,108,NA,NA,NA,NA,NA,NA,NA,NA,NA,"0.6","8.4"
"14763",149.6,109,NA,NA,NA,NA,NA,NA,NA,NA,NA,"0.9","8.9"
"14793",150.6,109.8,NA,NA,NA,NA,NA,NA,NA,NA,NA,"0.7","9.5"
"14824",151,110.1,NA,NA,NA,NA,NA,NA,NA,NA,NA,"0.3","10.1"
"14855",153.2,111.7,NA,NA,NA,NA,NA,NA,NA,NA,NA,"1.5","10.9"
"14885",156.7,114.2,NA,NA,NA,NA,NA,NA,NA,NA,NA,"2.2999999999999998","11.5"
"14916",159.2,116,NA,NA,NA,NA,NA,NA,NA,NA,NA,"1.6","12.4"
"14946",159.9,116.5,NA,NA,NA,NA,NA,NA,NA,NA,NA,"0.4","12.6"
"14977",162.9,118.7,NA,NA,NA,NA,NA,NA,NA,NA,NA,"1.9","13"
"15008",162.9,118.7,NA,NA,NA,NA,NA,NA,NA,NA,NA,"0","12.7"
"15036",163.7,119.3,NA,NA,NA,NA,NA,NA,NA,NA,NA,"0.5","13.1"
"15067",168.7,123,NA,NA,NA,NA,NA,NA,NA,NA,NA,"3.1","14.5"
"15097",171.2,124.8,NA,NA,NA,NA,NA,NA,NA,NA,NA,"1.5","15.5"
"15128",174.8,127.4,NA,NA,NA,NA,NA,NA,NA,NA,NA,"2.1","16.8"
"15158",177.1,129.1,NA,NA,NA,NA,NA,NA,NA,NA,NA,"1.3","17.600000000000001"
"15189",177.7,129.5,NA,NA,NA,NA,NA,NA,NA,NA,NA,"0.3","17.7"
"15220",178.2,129.9,NA,NA,NA,NA,NA,NA,NA,NA,NA,"0.3","16.3"
"15250",181.7,132.4,NA,NA,NA,NA,NA,NA,NA,NA,NA,"2","16"
"15281",183.8,134,NA,NA,NA,NA,NA,NA,NA,NA,NA,"1.2","15.5"
"15311",184.3,134.3,NA,NA,NA,NA,NA,NA,NA,NA,NA,"0.3","15.3"
"15342",186.3,135.8,NA,NA,NA,NA,NA,NA,NA,NA,NA,"1.1000000000000001","14.4"
"15373",187.9,137,NA,NA,NA,NA,NA,NA,NA,NA,NA,"0.9","15.3"
"15401",188.7,137.5,NA,NA,NA,NA,NA,NA,NA,NA,NA,"0.4","15.3"
"15432",191.1,139.3,NA,NA,NA,NA,NA,NA,NA,NA,NA,"1.3","13.3"
"15462",192.3,140.2,NA,NA,NA,NA,NA,NA,NA,NA,NA,"0.6","12.3"
"15493",192.7,140.5,NA,NA,NA,NA,NA,NA,NA,NA,NA,"0.2","10.199999999999999"
"15523",195.6,142.6,NA,NA,NA,NA,NA,NA,NA,NA,NA,"1.5","10.4"
"15554",195.2,142.3,NA,NA,NA,NA,NA,NA,NA,NA,NA,"-0.2","9.8000000000000007"
"15585",195.4,142.4,NA,NA,NA,NA,NA,NA,NA,NA,NA,"0.1","9.6999999999999993"
"15615",197.4,143.9,NA,NA,NA,NA,NA,NA,NA,NA,NA,"1","8.6"
"15646",198.6,144.8,NA,NA,NA,NA,NA,NA,NA,NA,NA,"0.6","8.1"
"15676",199.6,145.5,NA,NA,NA,NA,NA,NA,NA,NA,NA,"0.5","8.3000000000000007"
"15707",200.8,146.4,NA,NA,NA,NA,NA,NA,NA,NA,NA,"0.6","7.8"
"15738",201.2,146.6,NA,NA,NA,NA,NA,NA,NA,NA,NA,"0.2","7.1"
"15766",201.4,146.8,NA,NA,NA,NA,NA,NA,NA,NA,NA,"0.1","6.7"
"15797",202.6,147.7,NA,NA,NA,NA,NA,NA,NA,NA,NA,"0.6","6"
"15827",202.7,147.7,NA,NA,NA,NA,NA,NA,NA,NA,NA,"0","5.4"
"15858",203.3,148.2,NA,NA,NA,NA,NA,NA,NA,NA,NA,"0.3","5.5"
"15888",203.9,148.6,NA,NA,NA,NA,NA,NA,NA,NA,NA,"0.3","4.2"
"15919",203.5,148.3,NA,NA,NA,NA,NA,NA,NA,NA,NA,"-0.2","4.3"
"15950",204.2,148.8,NA,NA,NA,NA,NA,NA,NA,NA,NA,"0.3","4.5"
"15980",204.9,149.3,NA,NA,NA,NA,NA,NA,NA,NA,NA,"0.3","3.8"
"16011",205.1,149.5,NA,NA,NA,NA,NA,NA,NA,NA,NA,"0.1","3.3"
"16041",205.3,149.6,NA,NA,NA,NA,NA,NA,NA,NA,NA,"0.1","2.9"
"16072",205.6,149.9,NA,NA,NA,NA,NA,NA,NA,NA,NA,"0.1","2.4"
"16103",205.9,150.1,NA,NA,NA,NA,NA,NA,NA,NA,NA,"0.1","2.2999999999999998"
"16132",206.4,150.4,NA,NA,NA,NA,NA,NA,NA,NA,NA,"0.2","2.5"
"16163",207.1,150.9,NA,NA,NA,NA,NA,NA,NA,NA,NA,"0.3","2.2000000000000002"
"16193",207.5,151.2,NA,NA,NA,NA,NA,NA,NA,NA,NA,"0.2","2.4"
"16224",208.2,151.7,NA,NA,NA,NA,NA,NA,NA,NA,NA,"0.3","2.4"
"16254",208.8,152.2,NA,NA,NA,NA,NA,NA,NA,NA,NA,"0.3","2.4"
"16285",208,151.6,NA,NA,NA,NA,NA,NA,NA,NA,NA,"-0.4","2.2000000000000002"
"16316",208,151.6,NA,NA,NA,NA,NA,NA,NA,NA,NA,"0","1.9"
"16346",208.2,151.7,NA,NA,NA,NA,NA,NA,NA,NA,NA,"0.1","1.6"
"16377",208.2,151.7,NA,NA,NA,NA,NA,NA,NA,NA,NA,"0","1.5"
"16407",208.2,151.7,NA,NA,NA,NA,NA,NA,NA,NA,NA,"0","1.4"
"16438",208.5,152,NA,NA,NA,NA,NA,NA,NA,NA,NA,"0.1","1.4"
"16469",208.7,152.1,NA,NA,NA,NA,NA,NA,NA,NA,NA,"0.1","1.4"
"16497",208.8,152.2,NA,NA,NA,NA,NA,NA,NA,NA,NA,"0","1.2"
"16528",209.3,152.6,NA,NA,NA,NA,NA,NA,NA,NA,NA,"0.2","1.1000000000000001"
"16558",209.6,152.8,NA,NA,NA,NA,NA,NA,NA,NA,NA,"0.1","1"
"16589",210.3,153.3,NA,NA,NA,NA,NA,NA,NA,NA,NA,"0.3","1"
"16619",210.5,153.4,NA,NA,NA,NA,NA,NA,NA,NA,NA,"0.1","0.8"
"16650",210,153.1,NA,NA,NA,NA,NA,NA,NA,NA,NA,"-0.2","1"
"16681",209.7,152.8,NA,NA,NA,NA,NA,NA,NA,NA,NA,"-0.1","0.8"
"16711",208.3,151.8,NA,NA,NA,NA,NA,NA,NA,NA,NA,"-0.7","0"
"16742",206.7,150.7,NA,NA,NA,NA,NA,NA,NA,NA,NA,"-0.8","-0.7"
"16772",206.7,150.7,NA,NA,NA,NA,NA,NA,NA,NA,NA,"0","-0.7"
"16803",206.8,150.7,NA,NA,NA,NA,NA,NA,NA,NA,NA,"0","-0.8"
"16834",205.9,150.1,NA,NA,NA,NA,NA,NA,NA,NA,NA,"-0.4","-1.3"
"16862",204.9,149.3,NA,NA,NA,NA,NA,NA,NA,NA,NA,"-0.5","-1.9"
"16893",205.1,149.5,NA,NA,NA,NA,NA,NA,NA,NA,NA,"0.1","-2"
"16923",206.4,150.4,NA,NA,NA,NA,NA,NA,NA,NA,NA,"0.6","-1.5"
"16954",207.3,151.1,NA,NA,NA,NA,NA,NA,NA,NA,NA,"0.4","-1.4"
"16984",207.1,150.9,NA,NA,NA,NA,NA,NA,NA,NA,NA,"-0.1","-1.6"
"17015",207.2,151,NA,NA,NA,NA,NA,NA,NA,NA,NA,"0","-1.3"
"17046",207.3,151.1,NA,NA,NA,NA,NA,NA,NA,NA,NA,"0","-1.1000000000000001"
"17076",211.5,154.2,NA,NA,NA,NA,NA,NA,NA,NA,NA,"2","1.5"
"17107",211.8,154.4,NA,NA,NA,NA,NA,NA,NA,NA,NA,"0.1","2.5"
"17137",212,154.5,NA,NA,NA,NA,NA,NA,NA,NA,NA,"0.1","2.6"
"17168",212.3,154.7,NA,NA,NA,NA,NA,NA,NA,NA,NA,"0.1","2.7"
"17199",212.2,154.7,NA,NA,NA,NA,NA,NA,NA,NA,NA,"0","3.1"
"17227",212.3,154.7,NA,NA,NA,NA,NA,NA,NA,NA,NA,"0","3.6"
"17258",213.2,155.4,NA,NA,NA,NA,NA,NA,NA,NA,NA,"0.4","3.9"
"17288",216.2,157.6,NA,NA,NA,NA,NA,NA,NA,NA,NA,"1.4","4.7"
"17319",217.4,158.5,NA,NA,NA,NA,NA,NA,NA,NA,NA,"0.6","4.9000000000000004"
"17349",217.4,158.5,NA,NA,NA,NA,NA,NA,NA,NA,NA,"0","5"
"17380",217.5,158.5,NA,NA,NA,NA,NA,NA,NA,NA,NA,"0","5"
"17411",217.8,158.7,NA,NA,NA,NA,NA,NA,NA,NA,NA,"0.1","5.0999999999999996"
"17441",222.7,162.3,NA,NA,NA,NA,NA,NA,NA,NA,NA,"2.2000000000000002","5.3"
"17472",223,162.5,NA,NA,NA,NA,NA,NA,NA,NA,NA,"0.1","5.3"
"17502",223.3,162.8,NA,NA,NA,NA,NA,NA,NA,NA,NA,"0.1","5.3"
"17533",223.6,163,NA,NA,NA,NA,NA,NA,NA,NA,NA,"0.1","5.3"
"17564",223.5,162.9,NA,NA,NA,NA,NA,NA,NA,NA,NA,"0","5.3"
"17593",222.9,162.5,NA,NA,NA,NA,NA,NA,NA,NA,NA,"-0.3","5"
"17624",222.9,162.5,NA,NA,NA,NA,NA,NA,NA,NA,NA,"0","4.5"
"17654",223.1,162.6,NA,NA,NA,NA,NA,NA,NA,NA,NA,"0.1","3.2"
"17685",223.7,163,NA,NA,NA,NA,NA,NA,NA,NA,NA,"0.3","2.9"
"17715",223,162.5,NA,NA,NA,NA,NA,NA,NA,NA,NA,"-0.3","2.6"
"17746",222.7,162.3,NA,NA,NA,NA,NA,NA,NA,NA,NA,"-0.1","2.4"
"17777",223.1,162.6,NA,NA,NA,NA,NA,NA,NA,NA,NA,"0.2","2.4"
"17807",223.2,162.7,NA,NA,NA,NA,NA,NA,NA,NA,NA,"0","0.2"
"17838",226.3,164.9,NA,NA,NA,NA,NA,NA,NA,NA,NA,"1.4","1.5"
"17868",224.6,163.7,NA,NA,NA,NA,NA,NA,NA,NA,NA,"-0.8","0.6"
"17899",223.8,163.1,NA,NA,NA,NA,NA,NA,NA,NA,NA,"-0.4","0.1"
"17930",223,162.5,NA,NA,NA,NA,NA,NA,NA,NA,NA,"-0.4","-0.2"
"17958",222,161.8,NA,NA,NA,NA,NA,NA,NA,NA,NA,"-0.4","-0.4"
"17989",221.2,161.2,NA,NA,NA,NA,NA,NA,NA,NA,NA,"-0.4","-0.8"
"18019",221.5,161.4,NA,NA,NA,NA,NA,NA,NA,NA,NA,"0.1","-0.7"
"18050",222,161.8,NA,NA,NA,NA,NA,NA,NA,NA,NA,"0.2","-0.8"
"18080",221.3,161.3,NA,NA,NA,NA,NA,NA,NA,NA,NA,"-0.3","-0.8"
"18111",221.4,161.4,NA,NA,NA,NA,NA,NA,NA,NA,NA,"0","-0.6"
"18142",222,161.8,NA,NA,NA,NA,NA,NA,NA,NA,NA,"0.3","-0.5"
"18172",221.3,161.3,NA,NA,NA,NA,NA,NA,NA,NA,NA,"-0.3","-0.9"
"18203",220.9,161,NA,NA,NA,NA,NA,NA,NA,NA,NA,"-0.2","-2.4"
"18233",220.3,160.6,NA,NA,NA,NA,NA,NA,NA,NA,NA,"-0.3","-1.9"
"18264",218,158.9,NA,NA,NA,NA,NA,NA,NA,NA,NA,"-1","-2.6"
"18295",217.2,158.3,NA,NA,NA,NA,NA,NA,NA,NA,NA,"-0.4","-2.6"
"18323",216.8,158,NA,NA,NA,NA,NA,NA,NA,NA,NA,"-0.2","-2.2999999999999998"
"18354",215.9,157.5,NA,NA,NA,NA,NA,NA,NA,NA,NA,"-0.3","-2.4"
"18384",216.8,158.2,NA,NA,NA,NA,NA,NA,NA,NA,NA,"0.4","-2.1"
"18415",217,158.4,NA,NA,NA,NA,NA,NA,NA,NA,NA,"0.1","-2.2999999999999998"
"18445",217,158.4,NA,NA,NA,NA,NA,NA,NA,NA,NA,"0","-1.9"
"18476",218.3,159.4,NA,NA,NA,NA,NA,NA,NA,NA,NA,"0.6","-1.4"
"18507",219.2,160,NA,NA,NA,NA,NA,NA,NA,NA,NA,"0.4","-1.3"
"18537",220.3,160.8,NA,NA,NA,NA,NA,NA,NA,NA,NA,"0.5","-0.5"
"18568",220.5,160.9,NA,NA,NA,NA,NA,NA,NA,NA,NA,"0.1","-0.2"
"18598",220.3,160.8,NA,NA,NA,NA,NA,NA,NA,NA,NA,"-0.1","0"
"18629",222.3,162.3,NA,NA,NA,NA,NA,NA,NA,NA,NA,"0.9","2"
"18660",223,162.8,NA,NA,NA,NA,NA,NA,NA,NA,NA,"0.3","2.7"
"18688",222.8,162.7,NA,NA,NA,NA,NA,NA,NA,NA,NA,"-0.1","2.8"
"18719",225.3,164.5,NA,NA,NA,NA,NA,NA,NA,NA,NA,"1.1000000000000001","4.4000000000000004"
"18749",227.6,166.1,NA,NA,NA,NA,NA,NA,NA,NA,NA,"1","5"
"18780",228.1,166.4,NA,NA,NA,NA,NA,NA,NA,NA,NA,"0.2","5.0999999999999996"
"18810",229.2,167.3,NA,NA,NA,NA,NA,NA,NA,NA,NA,"0.5","5.6"
"18841",230.6,168.3,NA,NA,NA,NA,NA,NA,NA,NA,NA,"0.6","5.6"
"18872",231.3,168.8,NA,NA,NA,NA,NA,NA,NA,NA,NA,"0.3","5.5"
"18902",232.9,169.9,NA,NA,NA,NA,NA,NA,NA,NA,NA,"0.7","5.7"
"18933",234.1,170.8,NA,NA,NA,NA,NA,NA,NA,NA,NA,"0.5","6.2"
"18963",234.3,171,NA,NA,NA,NA,NA,NA,NA,NA,NA,"0.1","6.4"
"18994",233.6,170.5,NA,NA,NA,NA,NA,NA,NA,NA,NA,"-0.3","5.0999999999999996"
"19025",234.1,170.8,NA,NA,NA,NA,NA,NA,NA,NA,NA,"0.2","5"
"19054",234.1,170.8,NA,NA,NA,NA,NA,NA,NA,NA,NA,"0","5.0999999999999996"
"19085",233.2,170.1,NA,NA,NA,NA,NA,NA,NA,NA,NA,"-0.4","3.5"
"19115",234.1,170.8,NA,NA,NA,NA,NA,NA,NA,NA,NA,"0.4","2.9"
"19146",234.8,171.3,NA,NA,NA,NA,NA,NA,NA,NA,NA,"0.3","2.9"
"19176",234.3,170.9,NA,NA,NA,NA,NA,NA,NA,NA,NA,"-0.2","2.2000000000000002"
"19207",234.8,171.3,NA,NA,NA,NA,NA,NA,NA,NA,NA,"0.2","1.8"
"19238",235.3,171.6,NA,NA,NA,NA,NA,NA,NA,NA,NA,"0.2","1.7"
"19268",234.6,171.1,NA,NA,NA,NA,NA,NA,NA,NA,NA,"-0.3","0.7"
"19299",234.8,171.2,NA,NA,NA,NA,NA,NA,NA,NA,NA,"0.1","0.3"
"19329",234.6,171,NA,NA,NA,NA,NA,NA,NA,NA,NA,"-0.1","0.1"
"19360",233.2,169.9,NA,NA,NA,NA,NA,NA,NA,NA,NA,"-0.6","-0.2"
"19391",232.7,169.5,NA,NA,NA,NA,NA,NA,NA,NA,NA,"-0.2","-0.6"
"19419",232.5,169.3,NA,NA,NA,NA,NA,NA,NA,NA,NA,"-0.1","-0.7"
"19450",231.8,168.8,NA,NA,NA,NA,NA,NA,NA,NA,NA,"-0.3","-0.6"
"19480",232.7,169.5,NA,NA,NA,NA,NA,NA,NA,NA,NA,"0.4","-0.6"
"19511",232.9,169.7,NA,NA,NA,NA,NA,NA,NA,NA,NA,"0.1","-0.8"
"19541",232.7,169.5,NA,NA,NA,NA,NA,NA,NA,NA,NA,"-0.1","-0.7"
"19572",232.9,169.7,NA,NA,NA,NA,NA,NA,NA,NA,NA,"0.1","-0.8"
"19603",233.6,170.2,NA,NA,NA,NA,NA,NA,NA,NA,NA,"0.3","-0.7"
"19633",233.8,170.4,NA,NA,NA,NA,NA,NA,NA,NA,NA,"0.1","-0.3"
"19664",233.8,170.4,NA,NA,NA,NA,NA,NA,NA,NA,NA,"0","-0.4"
"19694",233.3,170.1,NA,NA,NA,NA,NA,NA,NA,NA,NA,"-0.2","-0.6"
"19725",232.8,169.8,NA,NA,NA,NA,NA,NA,NA,NA,NA,"-0.2","-0.2"
"19756",232.3,169.5,NA,NA,NA,NA,NA,NA,NA,NA,NA,"-0.2","-0.2"
"19784",232.1,169.4,NA,NA,NA,NA,NA,NA,NA,NA,NA,"-0.1","-0.2"
"19815",232.3,169.6,NA,NA,NA,NA,NA,NA,NA,NA,NA,"0.1","0.2"
"19845",233,170.1,NA,NA,NA,NA,NA,NA,NA,NA,NA,"0.3","0.1"
"19876",233.5,170.5,NA,NA,NA,NA,NA,NA,NA,NA,NA,"0.2","0.3"
"19906",234.2,171,NA,NA,NA,NA,NA,NA,NA,NA,NA,"0.3","0.6"
"19937",235.1,171.7,NA,NA,NA,NA,NA,NA,NA,NA,NA,"0.4","0.9"
"19968",235.6,172,NA,NA,NA,NA,NA,NA,NA,NA,NA,"0.2","0.9"
"19998",236.3,172.5,NA,NA,NA,NA,NA,NA,NA,NA,NA,"0.3","1.1000000000000001"
"20029",237,173,NA,NA,NA,NA,NA,NA,NA,NA,NA,"0.3","1.4"
"20059",236.8,172.9,NA,NA,NA,NA,NA,NA,NA,NA,NA,"-0.1","1.5"
"20090",236.1,172.4,NA,NA,NA,NA,NA,NA,NA,NA,NA,"-0.3","1.4"
"20121",235.4,171.8,NA,NA,NA,NA,NA,NA,NA,NA,NA,"-0.3","1.3"
"20149",235.4,171.6,NA,NA,NA,NA,NA,NA,NA,NA,NA,"-0.1","1.4"
"20180",235.6,171.7,NA,NA,NA,NA,NA,NA,NA,NA,NA,"0.1","1.4"
"20210",236.4,172.3,NA,NA,NA,NA,NA,NA,NA,NA,NA,"0.3","1.5"
"20241",236.4,172.3,NA,NA,NA,NA,NA,NA,NA,NA,NA,"0","1.2"
"20271",236.5,172.4,NA,NA,NA,NA,NA,NA,NA,NA,NA,"0.1","1"
"20302",237.1,172.8,NA,NA,NA,NA,NA,NA,NA,NA,NA,"0.2","0.9"
"20333",237.5,173.1,NA,NA,NA,NA,NA,NA,NA,NA,NA,"0.2","0.8"
"20363",237.9,173.4,NA,NA,NA,NA,NA,NA,NA,NA,NA,"0.2","0.7"
"20394",238.2,173.6,NA,NA,NA,NA,NA,NA,NA,NA,NA,"0.1","0.5"
"20424",238.2,173.6,NA,NA,NA,NA,NA,NA,NA,NA,NA,"0","0.6"
"20455",236.8,172.6,NA,NA,NA,NA,NA,NA,NA,NA,NA,"-0.6","0.1"
"20486",237.4,173,NA,NA,NA,NA,NA,NA,NA,NA,NA,"0.2","0.7"
"20515",238,173.5,NA,NA,NA,NA,NA,NA,NA,NA,NA,"0.3","1.1000000000000001"
"20546",237.6,173.2,NA,NA,NA,NA,NA,NA,NA,NA,NA,"-0.2","0.9"
"20576",240.1,175,NA,NA,NA,NA,NA,NA,NA,NA,NA,"1","1.6"
"20607",240.6,175.4,NA,NA,NA,NA,NA,NA,NA,NA,NA,"0.2","1.8"
"20637",240.9,175.6,NA,NA,NA,NA,NA,NA,NA,NA,NA,"0.1","1.9"
"20668",241.7,176.2,NA,NA,NA,NA,NA,NA,NA,NA,NA,"0.3","2"
"20699",242.2,176.5,NA,NA,NA,NA,NA,NA,NA,NA,NA,"0.2","2"
"20729",242.4,176.7,NA,NA,NA,NA,NA,NA,NA,NA,NA,"0.1","1.9"
"20760",243.1,177.2,NA,NA,NA,NA,NA,NA,NA,NA,NA,"0.3","2.1"
"20790",243.4,177.4,NA,NA,NA,NA,NA,NA,NA,NA,NA,"0.1","2.2000000000000002"
"20821",243,177.1,NA,NA,NA,NA,NA,NA,NA,NA,NA,"-0.2","2.6"
"20852",242.6,176.8,NA,NA,NA,NA,NA,NA,NA,NA,NA,"-0.2","2.2000000000000002"
"20880",241.9,176.3,NA,NA,NA,NA,NA,NA,NA,NA,NA,"-0.3","1.6"
"20911",242.7,176.9,NA,NA,NA,NA,NA,NA,NA,NA,NA,"0.3","2.1"
"20941",244.2,178,NA,NA,NA,NA,NA,NA,NA,NA,NA,"0.6","1.7"
"20972",244.4,178.1,NA,NA,NA,NA,NA,NA,NA,NA,NA,"0.1","1.5"
"21002",244.9,178.5,NA,NA,NA,NA,NA,NA,NA,NA,NA,"0.2","1.7"
"21033",246.3,179.5,NA,NA,NA,NA,NA,NA,NA,NA,NA,"0.6","1.9"
"21064",246.8,179.9,NA,NA,NA,NA,NA,NA,NA,NA,NA,"0.2","1.9"
"21094",247.6,180.5,NA,NA,NA,NA,NA,NA,NA,NA,NA,"0.3","2.2000000000000002"
"21125",248.3,181,NA,NA,NA,NA,NA,NA,NA,NA,NA,"0.3","2.1"
"21155",248.3,181,NA,NA,NA,NA,NA,NA,NA,NA,NA,"0","2"
"21186",247.6,180.5,NA,NA,NA,NA,NA,NA,NA,NA,NA,"-0.3","1.9"
"21217",247.6,180.5,NA,NA,NA,NA,NA,NA,NA,NA,NA,"0","2.1"
"21245",247.6,180.5,NA,NA,NA,NA,NA,NA,NA,NA,NA,"0","2.4"
"21276",247.9,180.7,NA,NA,NA,NA,NA,NA,NA,NA,NA,"0.1","2.1"
"21306",250,182.2,NA,NA,NA,NA,NA,NA,NA,NA,NA,"0.8","2.4"
"21337",250.3,182.4,NA,NA,NA,NA,NA,NA,NA,NA,NA,"0.1","2.4"
"21367",250.3,182.4,NA,NA,NA,NA,NA,NA,NA,NA,NA,"0","2.2000000000000002"
"21398",250.5,182.6,NA,NA,NA,NA,NA,NA,NA,NA,NA,"0.1","1.7"
"21429",250.9,182.9,NA,NA,NA,NA,NA,NA,NA,NA,NA,"0.2","1.7"
"21459",250.8,182.8,NA,NA,NA,NA,NA,NA,NA,NA,NA,"-0.1","1.3"
"21490",250.9,182.9,NA,NA,NA,NA,NA,NA,NA,NA,NA,"0.1","1"
"21520",250.5,182.6,NA,NA,NA,NA,NA,NA,NA,NA,NA,"-0.2","0.9"
"21551",249,181.5,NA,NA,NA,NA,NA,NA,NA,NA,NA,"-0.6","0.6"
"21582",248.2,180.9,NA,NA,NA,NA,NA,NA,NA,NA,NA,"-0.3","0.2"
"21610",247.8,180.6,NA,NA,NA,NA,NA,NA,NA,NA,NA,"-0.2","0.1"
"21641",246.8,179.9,NA,NA,NA,NA,NA,NA,NA,NA,NA,"-0.4","-0.4"
"21671",247.1,180.1,NA,NA,NA,NA,NA,NA,NA,NA,NA,"0.1","-1.2"
"21702",246.8,179.9,NA,NA,NA,NA,NA,NA,NA,NA,NA,"-0.1","-1.4"
"21732",246.8,179.9,NA,NA,NA,NA,NA,NA,NA,NA,NA,"0","-1.4"
"21763",247.6,180.5,NA,NA,NA,NA,NA,NA,NA,NA,NA,"0.3","-1.2"
"21794",248.5,181.1,NA,NA,NA,NA,NA,NA,NA,NA,NA,"0.3","-1"
"21824",248.9,181.4,NA,NA,NA,NA,NA,NA,NA,NA,NA,"0.2","-0.8"
"21855",249.2,181.6,NA,NA,NA,NA,NA,NA,NA,NA,NA,"0.1","-0.7"
"21885",249,181.5,NA,NA,NA,NA,NA,NA,NA,NA,NA,"-0.1","-0.6"
"21916",248.3,181,NA,NA,NA,NA,NA,NA,NA,NA,NA,"-0.3","-0.3"
"21947",249.6,181.9,NA,NA,NA,NA,NA,NA,NA,NA,NA,"0.5","0.6"
"21976",249.6,181.9,NA,NA,NA,NA,NA,NA,NA,NA,NA,"0","0.7"
"22007",250,182.2,NA,NA,NA,NA,NA,NA,NA,NA,NA,"0.2","1.3"
"22037",251.1,183,NA,NA,NA,NA,NA,NA,NA,NA,NA,"0.4","1.6"
"22068",251.4,183.2,NA,NA,NA,NA,NA,NA,NA,NA,NA,"0.1","1.8"
"22098",252,183.7,NA,NA,NA,NA,NA,NA,NA,NA,NA,"0.3","2.1"
"22129",252.6,184.1,NA,NA,NA,NA,NA,NA,NA,NA,NA,"0.2","2"
"22160",253.3,184.6,NA,NA,NA,NA,NA,NA,NA,NA,NA,"0.3","1.9"
"22190",253.7,184.9,NA,NA,NA,NA,NA,NA,NA,NA,NA,"0.2","1.9"
"22221",253.7,184.9,NA,NA,NA,NA,NA,NA,NA,NA,NA,"0","1.8"
"22251",253.4,184.7,NA,NA,NA,NA,NA,NA,NA,NA,NA,"-0.1","1.8"
"22282",252.7,184.2,NA,NA,NA,NA,NA,NA,NA,NA,NA,"-0.3","1.8"
"22313",252.9,184.3,NA,NA,NA,NA,NA,NA,NA,NA,NA,"0.1","1.3"
"22341",252.9,184.3,NA,NA,NA,NA,NA,NA,NA,NA,NA,"0","1.3"
"22372",252.9,184.3,NA,NA,NA,NA,NA,NA,NA,NA,NA,"0","1.2"
"22402",254.8,185.7,NA,NA,NA,NA,NA,NA,NA,NA,NA,"0.8","1.5"
"22433",255.2,186,NA,NA,NA,NA,NA,NA,NA,NA,NA,"0.2","1.5"
"22463",255.7,186.4,NA,NA,NA,NA,NA,NA,NA,NA,NA,"0.2","1.5"
"22494",257,187.3,NA,NA,NA,NA,NA,NA,NA,NA,NA,"0.5","1.7"
"22525",257.4,187.6,NA,NA,NA,NA,NA,NA,NA,NA,NA,"0.2","1.6"
"22555",258.5,188.4,NA,NA,NA,NA,NA,NA,NA,NA,NA,"0.4","1.9"
"22586",262.1,191,NA,NA,NA,NA,NA,NA,NA,NA,NA,"1.4","3.3"
"22616",262.3,191.2,NA,NA,NA,NA,NA,NA,NA,NA,NA,"0.1","3.5"
"22647",262.6,191.4,NA,NA,NA,NA,NA,NA,NA,NA,NA,"0.1","3.9"
"22678",263.3,191.9,NA,NA,NA,NA,NA,NA,NA,NA,NA,"0.3","4.0999999999999996"
"22706",263.7,192.2,NA,NA,NA,NA,NA,NA,NA,NA,NA,"0.2","4.3"
"22737",264.9,193.1,NA,NA,NA,NA,NA,NA,NA,NA,NA,"0.5","4.8"
"22767",267,194.6,NA,NA,NA,NA,NA,NA,NA,NA,NA,"0.8","4.8"
"22798",267.7,195.1,NA,NA,NA,NA,NA,NA,NA,NA,NA,"0.3","4.9000000000000004"
"22828",268.5,195.7,NA,NA,NA,NA,NA,NA,NA,NA,NA,"0.3","5"
"22859",269.6,196.5,NA,NA,NA,NA,NA,NA,NA,NA,NA,"0.4","4.9000000000000004"
"22890",269.5,196.4,NA,NA,NA,NA,NA,NA,NA,NA,NA,"-0.1","4.7"
"22920",269,196.1,NA,NA,NA,NA,NA,NA,NA,NA,NA,"-0.2","4.0999999999999996"
"22951",270.3,197,NA,NA,NA,NA,NA,NA,NA,NA,NA,"0.5","3.1"
"22981",270.8,197.4,NA,NA,NA,NA,NA,NA,NA,NA,NA,"0.2","3.2"
"23012",271.7,198,NA,NA,NA,NA,NA,NA,NA,NA,NA,"0.3","3.4"
"23043",273.3,199.2,NA,NA,NA,NA,NA,NA,NA,NA,NA,"0.6","3.8"
"23071",273.3,199.2,NA,NA,NA,NA,NA,NA,NA,NA,NA,"0","3.6"
"23102",273.7,199.5,NA,NA,NA,NA,NA,NA,NA,NA,NA,"0.2","3.3"
"23132",275.4,200.7,NA,NA,NA,NA,NA,NA,NA,NA,NA,"0.6","3.1"
"23163",276,201.2,NA,NA,NA,NA,NA,NA,NA,NA,NA,"0.2","3.1"
"23193",276.6,201.6,NA,NA,NA,NA,NA,NA,NA,NA,NA,"0.2","3"
"23224",277.4,202.2,NA,NA,NA,NA,NA,NA,NA,NA,NA,"0.3","2.9"
"23255",278.2,202.8,NA,NA,NA,NA,NA,NA,NA,NA,NA,"0.3","3.3"
"23285",279.3,203.6,NA,NA,NA,NA,NA,NA,NA,NA,NA,"0.4","3.8"
"23316",281,204.8,NA,NA,NA,NA,NA,NA,NA,NA,NA,"0.6","4"
"23346",281.3,205,NA,NA,NA,NA,NA,NA,NA,NA,NA,"0.1","3.9"
"23377",281.5,205.2,NA,NA,NA,NA,NA,NA,NA,NA,NA,"0.1","3.6"
"23408",281.9,205.5,NA,NA,NA,NA,NA,NA,NA,NA,NA,"0.1","3.2"
"23437",282.1,205.6,NA,NA,NA,NA,NA,NA,NA,NA,NA,"0","3.2"
"23468",283.9,206.9,NA,NA,NA,NA,NA,NA,NA,NA,NA,"0.6","3.7"
"23498",285.4,208,NA,NA,NA,NA,NA,NA,NA,NA,NA,"0.5","3.6"
"23529",285,207.7,NA,NA,NA,NA,NA,NA,NA,NA,NA,"-0.1","3.2"
"23559",285.1,207.8,NA,NA,NA,NA,NA,NA,NA,NA,NA,"0","3.1"
"23590",285.8,208.3,NA,NA,NA,NA,NA,NA,NA,NA,NA,"0.2","3"
"23621",286.3,208.7,NA,NA,NA,NA,NA,NA,NA,NA,NA,"0.2","2.9"
"23651",287.2,209.3,NA,NA,NA,NA,NA,NA,NA,NA,NA,"0.3","2.8"
"23682",287.4,209.5,NA,NA,NA,NA,NA,NA,NA,NA,NA,"0.1","2.2999999999999998"
"23712",287.8,209.8,NA,NA,NA,NA,NA,NA,NA,NA,NA,"0.1","2.2999999999999998"
"23743",288.1,210,NA,NA,NA,NA,NA,NA,NA,NA,NA,"0.1","2.2999999999999998"
"23774",289.1,210.7,NA,NA,NA,NA,NA,NA,NA,NA,NA,"0.3","2.5"
"23802",289.2,210.8,NA,NA,NA,NA,NA,NA,NA,NA,NA,"0","2.5"
"23833",290.2,211.5,NA,NA,NA,NA,NA,NA,NA,NA,NA,"0.3","2.2000000000000002"
"23863",293.3,213.8,NA,NA,NA,NA,NA,NA,NA,NA,NA,"1.1000000000000001","2.8"
"23894",294.4,214.6,NA,NA,NA,NA,NA,NA,NA,NA,NA,"0.4","3.3"
"23924",295.3,215.2,NA,NA,NA,NA,NA,NA,NA,NA,NA,"0.3","3.6"
"23955",296.9,216.4,NA,NA,NA,NA,NA,NA,NA,NA,NA,"0.6","3.9"
"23986",297.7,217,NA,NA,NA,NA,NA,NA,NA,NA,NA,"0.3","4"
"24016",298.7,217.7,NA,NA,NA,NA,NA,NA,NA,NA,NA,"0.3","4"
"24047",301.3,219.6,NA,NA,NA,NA,NA,NA,NA,NA,NA,"0.9","4.8"
"24077",302,220.1,NA,NA,NA,NA,NA,NA,NA,NA,NA,"0.2","4.9000000000000004"
"24108",303.6,221.3,NA,NA,NA,NA,NA,NA,NA,NA,NA,"0.5","5.4"
"24139",304.4,221.9,NA,NA,NA,NA,NA,NA,NA,NA,NA,"0.3","5.3"
"24167",304.9,222.2,NA,NA,NA,NA,NA,NA,NA,NA,NA,"0.1","5.4"
"24198",305.3,222.5,NA,NA,NA,NA,NA,NA,NA,NA,NA,"0.1","5.2"
"24228",309.1,225.3,NA,NA,NA,NA,NA,NA,NA,NA,NA,"1.3","5.4"
"24259",308.7,225,NA,NA,NA,NA,NA,NA,NA,NA,NA,"-0.1","4.8"
"24289",308.7,225,NA,NA,NA,NA,NA,NA,NA,NA,NA,"0","4.5999999999999996"
"24320",309.7,225.7,NA,NA,NA,NA,NA,NA,NA,NA,NA,"0.3","4.3"
"24351",309.9,225.9,100,NA,NA,NA,NA,NA,NA,NA,NA,"0.1","4.0999999999999996"
"24381",310.5,226.4,100.2,NA,NA,NA,NA,NA,NA,NA,NA,"0.2","4"
"24412",314.2,229.1,101.4,NA,NA,NA,NA,NA,NA,NA,NA,"1.2","4.3"
"24442",315.8,230.2,101.9,NA,NA,NA,NA,NA,NA,NA,NA,"0.5","4.5999999999999996"
"24473",316.7,230.9,102.2,NA,NA,NA,NA,NA,NA,NA,NA,"0.3","4.3"
"24504",316.1,230.4,102,NA,NA,NA,NA,NA,NA,NA,NA,"-0.2","3.8"
"24532",316.1,230.4,102,NA,NA,NA,NA,NA,NA,NA,NA,"0","3.7"
"24563",316.4,230.6,102.1,NA,NA,NA,NA,NA,NA,NA,NA,"0.1","3.6"
"24593",319.8,233.1,103.2,NA,NA,NA,NA,NA,NA,NA,NA,"1.1000000000000001","3.5"
"24624",322,234.7,103.9,NA,NA,NA,NA,NA,NA,NA,NA,"0.7","4.3"
"24654",323.2,235.6,104.3,NA,NA,NA,NA,NA,NA,NA,NA,"0.4","4.7"
"24685",324.5,236.5,104.7,NA,NA,NA,NA,NA,NA,NA,NA,"0.4","4.8"
"24716",323.2,235.6,104.3,NA,NA,NA,NA,NA,NA,NA,NA,"-0.4","4.3"
"24746",322.9,235.4,104.2,NA,NA,NA,NA,NA,NA,NA,NA,"-0.1","4"
"24777",326,237.6,105.2,NA,NA,NA,NA,NA,NA,NA,NA,"1","3.7"
"24807",326.9,238.3,105.5,NA,NA,NA,NA,NA,NA,NA,NA,"0.3","3.5"
"24838",327.6,238.8,105.7,NA,NA,NA,NA,NA,NA,NA,NA,"0.2","3.4"
"24869",328.2,239.2,105.9,NA,NA,NA,NA,NA,NA,NA,NA,"0.2","3.8"
"24898",326.9,238.3,105.5,NA,NA,NA,NA,NA,NA,NA,NA,"-0.4","3.4"
"24929",326.6,238.1,105.4,NA,NA,NA,NA,NA,NA,NA,NA,"-0.1","3.2"
"24959",327.6,238.8,105.7,NA,NA,NA,NA,NA,NA,NA,NA,"0.3","2.4"
"24990",327.9,239,105.8,NA,NA,NA,NA,NA,NA,NA,NA,"0.1","1.8"
"25020",327.6,238.8,105.7,NA,NA,NA,NA,NA,NA,NA,NA,"-0.1","1.3"
"25051",328.5,239.5,106,NA,NA,NA,NA,NA,NA,NA,NA,"0.3","1.2"
"25082",328.8,239.7,106.1,NA,NA,NA,NA,NA,NA,NA,NA,"0.1","1.7"
"25112",330,240.6,106.5,NA,NA,NA,NA,NA,NA,NA,NA,"0.4","2.2000000000000002"
"25143",333.1,242.8,107.5,NA,NA,NA,NA,NA,NA,NA,NA,"0.9","2.2000000000000002"
"25173",334.1,243.5,107.8,NA,NA,NA,NA,NA,NA,NA,NA,"0.3","2.2000000000000002"
"25204",335,244.2,108.1,NA,NA,NA,NA,NA,NA,NA,NA,"0.3","2.2999999999999998"
"25235",335.6,244.6,108.3,NA,NA,NA,NA,NA,NA,NA,NA,"0.2","2.2999999999999998"
"25263",335,244.2,108.1,NA,NA,NA,NA,NA,NA,NA,NA,"-0.2","2.5"
"25294",334.4,243.7,107.9,NA,NA,NA,NA,NA,NA,NA,NA,"-0.2","2.4"
"25324",335.9,244.9,108.4,NA,NA,NA,NA,NA,NA,NA,NA,"0.5","2.6"
"25355",337.5,246,108.9,NA,NA,NA,NA,NA,NA,NA,NA,"0.5","2.9"
"25385",337.5,246,108.9,NA,NA,NA,NA,NA,NA,NA,NA,"0","3"
"25416",336.9,245.6,108.7,NA,NA,NA,NA,NA,NA,NA,NA,"-0.2","2.5"
"25447",337.2,245.8,108.8,NA,NA,NA,NA,NA,NA,NA,NA,"0.1","2.5"
"25477",337.8,246.2,109,NA,NA,NA,NA,NA,NA,NA,NA,"0.2","2.2999999999999998"
"25508",340.6,248.3,109.9,NA,NA,NA,NA,NA,NA,NA,NA,"0.8","2.2000000000000002"
"25538",341.8,249.2,110.3,NA,NA,NA,NA,NA,NA,NA,NA,"0.4","2.2999999999999998"
"25569",342.7,249.8,110.6,NA,NA,NA,NA,NA,NA,NA,NA,"0.3","2.2999999999999998"
"25600",342.7,249.8,110.6,NA,NA,NA,NA,NA,NA,NA,NA,"0","2.1"
"25628",343.4,250.3,110.8,NA,NA,NA,NA,NA,NA,NA,NA,"0.2","2.5"
"25659",343.1,250.1,110.7,NA,NA,NA,NA,NA,NA,NA,NA,"-0.1","2.6"
"25689",346.5,252.6,111.8,NA,NA,NA,NA,NA,NA,NA,NA,"1","3.1"
"25720",348,253.7,112.3,NA,NA,NA,NA,NA,NA,NA,NA,"0.4","3.1"
"25750",348.9,254.4,112.6,NA,NA,NA,NA,NA,NA,NA,NA,"0.3","3.4"
"25781",350.2,255.3,113,NA,NA,NA,NA,NA,NA,NA,NA,"0.4","4"
"25812",352.4,256.8,113.7,NA,NA,NA,NA,NA,NA,NA,NA,"0.6","4.5"
"25842",354.2,258.2,114.3,NA,NA,NA,NA,NA,NA,NA,NA,"0.5","4.9000000000000004"
"25873",358.9,261.6,115.8,NA,NA,NA,NA,NA,NA,NA,NA,"1.3","5.4"
"25903",360.4,262.7,116.3,NA,NA,NA,NA,NA,NA,NA,NA,"0.4","5.4"
"25934",362.6,264.3,117,NA,NA,NA,NA,NA,NA,NA,NA,"0.6","5.8"
"25965",364.1,265.4,117.5,NA,NA,NA,NA,NA,NA,NA,NA,"0.4","6.2"
"25993",366.3,267,118.2,NA,NA,NA,NA,NA,NA,NA,NA,"0.6","6.7"
"26024",366.6,267.2,118.3,NA,NA,NA,NA,NA,NA,NA,NA,"0.1","6.9"
"26054",370.6,270.2,119.6,NA,NA,NA,NA,NA,NA,NA,NA,"1.1000000000000001","7"
"26085",371,270.4,119.7,NA,NA,NA,NA,NA,NA,NA,NA,"0.1","6.6"
"26115",372.5,271.5,120.2,NA,NA,NA,NA,NA,NA,NA,NA,"0.4","6.7"
"26146",373.1,272,120.4,NA,NA,NA,NA,NA,NA,NA,NA,"0.2","6.5"
"26177",375.9,274,121.3,NA,NA,NA,NA,NA,NA,NA,NA,"0.7","6.7"
"26207",377.5,275.1,121.8,NA,NA,NA,NA,NA,NA,NA,NA,"0.4","6.6"
"26238",382.4,278.8,123.4,NA,NA,NA,NA,NA,NA,NA,NA,"1.3","6.6"
"26268",384.3,280.1,124,NA,NA,NA,NA,NA,NA,NA,NA,"0.5","6.6"
"26299",386.8,281.9,124.8,NA,NA,NA,NA,NA,NA,NA,NA,"0.6","6.7"
"26330",388.6,283.3,125.4,NA,NA,NA,NA,NA,NA,NA,NA,"0.5","6.7"
"26359",389.5,284,125.7,NA,NA,NA,NA,NA,NA,NA,NA,"0.2","6.3"
"26390",389.9,284.2,125.8,NA,NA,NA,NA,NA,NA,NA,NA,"0.1","6.3"
"26420",393.9,287.1,127.1,NA,NA,NA,NA,NA,NA,NA,NA,"1","6.3"
"26451",396.1,288.7,127.8,NA,NA,NA,NA,NA,NA,NA,NA,"0.6","6.8"
"26481",396.4,288.9,127.9,NA,NA,NA,NA,NA,NA,NA,NA,"0.1","6.4"
"26512",397.9,290.1,128.4,NA,NA,NA,NA,NA,NA,NA,NA,"0.4","6.6"
"26543",401.3,292.5,129.5,NA,NA,NA,NA,NA,NA,NA,NA,"0.9","6.8"
"26573",405,295.3,130.7,NA,NA,NA,NA,NA,NA,NA,NA,"0.9","7.3"
"26604",408.4,297.7,131.8,NA,NA,NA,NA,NA,NA,NA,NA,"0.8","6.8"
"26634",410.6,299.3,132.5,NA,NA,NA,NA,NA,NA,NA,NA,"0.5","6.9"
"26665",415.3,302.7,134,NA,NA,NA,NA,NA,NA,NA,NA,"1.1000000000000001","7.4"
"26696",418.1,304.7,134.9,NA,NA,NA,NA,NA,NA,NA,NA,"0.7","7.6"
"26724",421.5,307.2,136,NA,NA,NA,NA,NA,NA,NA,NA,"0.8","8.1999999999999993"
"26755",422.4,307.9,136.3,NA,NA,NA,NA,NA,NA,NA,NA,"0.2","8.3000000000000007"
"26785",425.5,310.2,137.3,NA,NA,NA,NA,NA,NA,NA,NA,"0.7","8"
"26816",428.6,312.4,138.3,NA,NA,NA,NA,NA,NA,NA,NA,"0.7","8.1999999999999993"
"26846",429.2,312.9,138.5,NA,NA,NA,NA,NA,NA,NA,NA,"0.1","8.3000000000000007"
"26877",430.8,314,139,NA,NA,NA,NA,NA,NA,NA,NA,"0.4","8.3000000000000007"
"26908",434.5,316.7,140.2,NA,NA,NA,NA,NA,NA,NA,NA,"0.9","8.3000000000000007"
"26938",443.5,323.3,143.1,NA,NA,NA,NA,NA,NA,NA,NA,"2.1","9.5"
"26969",452.8,330,146.1,NA,NA,NA,NA,NA,NA,NA,NA,"2.1","10.8"
"26999",459.6,335,148.3,NA,NA,NA,NA,NA,NA,NA,NA,"1.5","11.9"
"27030",463.3,337.7,149.5,NA,NA,NA,NA,NA,NA,NA,NA,"0.8","11.6"
"27061",459.9,335.2,148.4,NA,NA,NA,NA,NA,NA,NA,NA,"-0.7","10"
"27089",462.1,336.8,149.1,NA,NA,NA,NA,NA,NA,NA,NA,"0.5","9.6"
"27120",459.3,334.8,148.2,NA,NA,NA,NA,NA,NA,NA,NA,"-0.6","8.6999999999999993"
"27150",467.3,340.7,150.8,NA,NA,NA,NA,NA,NA,NA,NA,"1.8","9.8000000000000007"
"27181",469.8,342.5,151.6,NA,NA,NA,NA,NA,NA,NA,NA,"0.5","9.6"
"27211",471.4,343.6,152.1,NA,NA,NA,NA,NA,NA,NA,NA,"0.3","9.8000000000000007"
"27242",476,347,153.6,NA,NA,NA,NA,NA,NA,NA,NA,"1","10.5"
"27273",483.8,352.6,156.1,NA,NA,NA,NA,NA,NA,NA,NA,"1.6","11.3"
"27303",486.9,354.9,157.1,NA,NA,NA,NA,NA,NA,NA,NA,"0.6","9.8000000000000007"
"27334",493.7,359.9,159.3,NA,NA,NA,NA,NA,NA,NA,NA,"1.4","9"
"27364",494.3,360.3,159.5,NA,NA,NA,NA,NA,NA,NA,NA,"0.1","7.6"
"27395",497.1,362.3,160.4,NA,NA,NA,NA,NA,NA,NA,NA,"0.6","7.3"
"27426",498.6,363.5,160.9,NA,NA,NA,NA,NA,NA,NA,NA,"0.3","8.4"
"27454",500.5,364.8,161.5,NA,NA,NA,NA,NA,NA,NA,NA,"0.4","8.3000000000000007"
"27485",501.7,365.7,161.9,NA,NA,NA,NA,NA,NA,NA,NA,"0.2","9.1999999999999993"
"27515",505.4,368.4,163.1,NA,NA,NA,NA,NA,NA,NA,NA,"0.7","8.1999999999999993"
"27546",507.3,369.8,163.7,NA,NA,NA,NA,NA,NA,NA,NA,"0.4","8"
"27576",506.4,369.1,163.4,NA,NA,NA,NA,NA,NA,NA,NA,"-0.2","7.4"
"27607",507.9,370.3,163.9,NA,NA,NA,NA,NA,NA,NA,NA,"0.3","6.7"
"27638",509.8,371.6,164.5,NA,NA,NA,NA,NA,NA,NA,NA,"0.4","5.4"
"27668",510.4,372.1,164.7,NA,NA,NA,NA,NA,NA,NA,NA,"0.1","4.8"
"27699",512,373.2,165.2,NA,NA,NA,NA,NA,NA,NA,NA,"0.3","3.7"
"27729",511.3,372.7,165,NA,NA,NA,NA,NA,NA,NA,NA,"-0.1","3.4"
"27760",514.1,374.8,165.9,NA,NA,NA,NA,NA,NA,NA,NA,"0.5","3.4"
"27791",513.8,374.5,165.8,NA,NA,NA,NA,NA,NA,NA,NA,"-0.1","3"
"27820",512.9,373.9,165.5,NA,NA,NA,NA,NA,NA,NA,NA,"-0.2","2.5"
"27851",512.9,373.9,165.5,NA,NA,NA,NA,NA,NA,NA,NA,"0","2.2000000000000002"
"27881",512,373.2,165.2,NA,NA,NA,NA,NA,NA,NA,NA,"-0.2","1.3"
"27912",512.9,373.9,165.5,NA,NA,NA,NA,NA,NA,NA,NA,"0.2","1.1000000000000001"
"27942",513.8,374.5,165.8,NA,NA,NA,NA,NA,NA,NA,NA,"0.2","1.5"
"27973",515.7,375.9,166.4,NA,NA,NA,NA,NA,NA,NA,NA,"0.4","1.5"
"28004",514.4,375,166,NA,NA,NA,NA,NA,NA,NA,NA,"-0.2","0.9"
"28034",515.7,375.9,166.4,NA,NA,NA,NA,NA,NA,NA,NA,"0.2","1"
"28065",516.6,376.6,166.7,NA,NA,NA,NA,NA,NA,NA,NA,"0.2","0.9"
"28095",517.8,377.5,167.1,NA,NA,NA,NA,NA,NA,NA,NA,"0.2","1.3"
"28126",518.8,378.2,167.4,NA,NA,NA,NA,NA,NA,NA,NA,"0.2","0.9"
"28157",519.1,378.4,167.5,NA,NA,NA,NA,NA,NA,NA,NA,"0.1","1"
"28185",518.2,377.7,167.2,NA,NA,NA,NA,NA,NA,NA,NA,"-0.2","1"
"28216",518.8,378.2,167.4,NA,NA,NA,NA,NA,NA,NA,NA,"0.1","1.1000000000000001"
"28246",518.5,377.9,167.3,NA,NA,NA,NA,NA,NA,NA,NA,"-0.1","1.3"
"28277",521.9,380.4,168.4,NA,NA,NA,NA,NA,NA,NA,NA,"0.7","1.8"
"28307",522.2,380.6,168.5,NA,NA,NA,NA,NA,NA,NA,NA,"0.1","1.6"
"28338",522.2,380.6,168.5,NA,NA,NA,NA,NA,NA,NA,NA,"0","1.3"
"28369",522.5,380.9,168.6,100,NA,NA,NA,NA,NA,NA,NA,"0.1","1.6"
"28399",523.6,381.7,169,100.2,NA,NA,NA,NA,NA,NA,NA,"0.2","1.6"
"28430",523.2,381.4,168.8,100.1,NA,NA,NA,NA,NA,NA,NA,"-0.1","1.3"
"28460",523.8,381.9,169,100.3,NA,NA,NA,NA,NA,NA,NA,"0.1","1.1000000000000001"
"28491",524.1,382,169.1,100.3,NA,NA,NA,NA,NA,NA,NA,"0","1"
"28522",524.6,382.5,169.3,100.4,NA,NA,NA,NA,NA,NA,NA,"0.1","1.1000000000000001"
"28550",525.2,382.9,169.5,100.5,NA,NA,NA,NA,NA,NA,NA,"0.1","1.4"
"28581",526.2,383.6,169.8,100.7,NA,NA,NA,NA,NA,NA,NA,"0.2","1.4"
"28611",526.9,384.1,170,100.8,NA,NA,NA,NA,NA,NA,NA,"0.1","1.7"
"28642",527.8,384.7,170.3,101,NA,NA,NA,NA,NA,NA,NA,"0.2","1.1000000000000001"
"28672",527.9,384.9,170.4,101,NA,NA,NA,NA,NA,NA,NA,"0","1.1000000000000001"
"28703",528.1,385,170.4,101.1,NA,NA,NA,NA,NA,NA,NA,"0","1.1000000000000001"
"28734",526.8,384.1,170,100.8,NA,NA,NA,NA,NA,NA,NA,"-0.2","0.8"
"28764",525.8,383.3,169.7,100.6,NA,NA,NA,NA,NA,NA,NA,"-0.2","0.4"
"28795",526.5,383.8,169.9,100.8,NA,NA,NA,NA,NA,NA,NA,"0.1","0.6"
"28825",527.6,384.6,170.3,101,NA,NA,NA,NA,NA,NA,NA,"0.2","0.7"
"28856",529.6,386.1,170.9,101.4,NA,NA,NA,NA,NA,NA,NA,"0.4","1.1000000000000001"
"28887",535.4,390.3,172.8,102.5,NA,NA,NA,NA,NA,NA,NA,"1.1000000000000001","2.1"
"28915",538.3,392.4,173.7,103,NA,NA,NA,NA,NA,NA,NA,"0.5","2.5"
"28946",539.7,393.4,174.1,103.3,NA,NA,NA,NA,NA,NA,NA,"0.3","2.6"
"28976",541.6,394.8,174.8,103.7,NA,NA,NA,NA,NA,NA,NA,"0.3","2.8"
"29007",549.2,400.4,177.2,105.1,NA,NA,NA,NA,NA,NA,NA,"1.4","4.0999999999999996"
"29037",550.5,401.3,177.6,105.4,NA,NA,NA,NA,NA,NA,NA,"0.2","4.3"
"29068",549.5,400.6,177.3,105.2,NA,NA,NA,NA,NA,NA,NA,"-0.2","4"
"29099",552.1,402.5,178.2,105.7,NA,NA,NA,NA,NA,NA,NA,"0.5","4.8"
"29129",551.9,402.3,178.1,105.6,NA,NA,NA,NA,NA,NA,NA,"0","5"
"29160",554,403.8,178.7,106,NA,NA,NA,NA,NA,NA,NA,"0.4","5.2"
"29190",555,404.6,179.1,106.2,NA,NA,NA,NA,NA,NA,NA,"0.2","5.2"
"29221",556.7,405.8,179.6,106.5,NA,NA,NA,NA,NA,NA,NA,"0.3","5.0999999999999996"
"29252",557.5,406.4,179.9,106.7,NA,NA,NA,NA,NA,NA,NA,"0.1","4.0999999999999996"
"29281",559.2,407.6,180.4,107,NA,NA,NA,NA,NA,NA,NA,"0.3","3.9"
"29312",561.7,409.5,181.3,107.5,NA,NA,NA,NA,NA,NA,NA,"0.5","4.0999999999999996"
"29342",565.1,411.9,182.3,108.2,NA,NA,NA,NA,NA,NA,NA,"0.6","4.3"
"29373",567.1,413.4,183,108.5,NA,NA,NA,NA,NA,NA,NA,"0.4","3.3"
"29403",568.9,414.7,183.6,108.9,NA,NA,NA,NA,NA,NA,NA,"0.3","3.3"
"29434",572.7,417.5,184.8,109.6,NA,NA,NA,NA,NA,NA,NA,"0.7","4.2"
"29465",573,417.7,184.9,109.7,NA,NA,NA,NA,NA,NA,NA,"0","3.8"
"29495",571.9,416.9,184.5,109.5,NA,NA,NA,NA,NA,NA,NA,"-0.2","3.6"
"29526",577.4,420.9,186.3,110.5,NA,NA,NA,NA,NA,NA,NA,"1","4.2"
"29556",579.4,422.4,187,110.9,NA,NA,NA,NA,NA,NA,NA,"0.3","4.4000000000000004"
"29587",585,426.5,188.8,112,NA,NA,NA,NA,NA,NA,NA,"1","5.0999999999999996"
"29618",590.7,430.6,190.6,113.1,NA,NA,NA,NA,NA,NA,NA,"1","6"
"29646",594.7,433.5,191.9,113.8,NA,NA,NA,NA,NA,NA,NA,"0.7","6.3"
"29677",593.4,432.6,191.5,113.6,NA,NA,NA,NA,NA,NA,NA,"-0.2","5.6"
"29707",598.9,436.6,193.2,114.6,NA,NA,NA,NA,NA,NA,NA,"0.9","6"
"29738",602.7,439.4,194.5,115.4,NA,NA,NA,NA,NA,NA,NA,"0.6","6.3"
"29768",606.3,442,195.6,116,NA,NA,NA,NA,NA,NA,NA,"0.6","6.6"
"29799",615.3,448.6,198.6,117.8,NA,NA,NA,NA,NA,NA,NA,"1.5","7.4"
"29830",615.8,448.9,198.7,117.9,NA,NA,NA,NA,NA,NA,NA,"0.1","7.5"
"29860",613.7,447.4,198,117.5,NA,NA,NA,NA,NA,NA,NA,"-0.3","7.3"
"29891",617.9,450.4,199.4,118.3,NA,NA,NA,NA,NA,NA,NA,"0.7","7"
"29921",617.8,450.3,199.3,118.2,NA,NA,NA,NA,NA,NA,NA,"0","6.6"
"29952",620.8,452.5,200.3,118.8,NA,NA,NA,NA,NA,NA,NA,"0.5","6.1"
"29983",621.8,453.3,200.6,119,NA,NA,NA,NA,NA,NA,NA,"0.2","5.3"
"30011",622.9,454.1,201,119.2,NA,NA,NA,NA,NA,NA,NA,"0.2","4.7"
"30042",626.4,456.6,202.1,119.9,NA,NA,NA,NA,NA,NA,NA,"0.6","5.6"
"30072",634.5,462.5,204.7,121.4,NA,NA,NA,NA,NA,NA,NA,"1.3","5.9"
"30103",640.1,466.6,206.5,122.5,NA,NA,NA,NA,NA,NA,NA,"0.9","6.2"
"30133",642.5,468.4,207.3,123,NA,NA,NA,NA,NA,NA,NA,"0.4","6"
"30164",647.4,472,208.9,123.9,NA,NA,NA,NA,NA,NA,NA,"0.8","5.2"
"30195",649.9,473.8,209.7,124.4,NA,NA,NA,NA,NA,NA,NA,"0.4","5.5"
"30225",651.6,475,210.2,124.7,NA,NA,NA,NA,NA,NA,NA,"0.2","6.2"
"30256",653.4,476.3,210.8,125.1,NA,NA,NA,NA,NA,NA,NA,"0.3","5.8"
"30286",651.5,474.9,210.2,124.7,100,NA,NA,NA,NA,NA,NA,"-0.3","5.5"
"30317",650.5,474.2,209.9,124.5,99.9,NA,NA,NA,NA,NA,NA,"-0.1","4.8"
"30348",651.4,474.9,210.2,124.7,100,NA,NA,NA,NA,NA,NA,"0.1","4.8"
"30376",652.7,475.8,210.6,124.9,100.2,NA,NA,NA,NA,NA,NA,"0.2","4.8"
"30407",654.7,477.2,211.2,125.3,100.5,NA,NA,NA,NA,NA,NA,"0.3","4.5"
"30437",655.3,477.7,211.4,125.4,100.6,NA,NA,NA,NA,NA,NA,"0.1","3.3"
"30468",657.9,479.6,212.3,125.9,101,NA,NA,NA,NA,NA,NA,"0.4","2.8"
"30498",656.7,478.7,211.9,125.7,100.8,NA,NA,NA,NA,NA,NA,"-0.2","2.2000000000000002"
"30529",658.5,480,212.4,126,101.1,NA,NA,NA,NA,NA,NA,"0.3","1.7"
"30560",659.3,480.6,212.7,126.2,101.2,NA,NA,NA,NA,NA,NA,"0.1","1.4"
"30590",660.9,481.7,213.2,126.5,101.4,NA,NA,NA,NA,NA,NA,"0.2","1.4"
"30621",665.1,484.8,214.6,127.3,102.1,NA,NA,NA,NA,NA,NA,"0.6","1.8"
"30651",665.4,485.1,214.7,127.4,102.1,NA,NA,NA,NA,NA,NA,"0.1","2.1"
"30682",667.8,486.8,215.5,127.8,102.5,NA,NA,NA,NA,NA,NA,"0.4","2.7"
"30713",670.2,488.5,216.2,128.3,102.9,NA,NA,NA,NA,NA,NA,"0.4","2.9"
"30742",674.6,491.7,217.6,129.1,103.5,NA,NA,NA,NA,NA,NA,"0.7","3.4"
"30773",675.5,492.4,218,129.3,103.7,NA,NA,NA,NA,NA,NA,"0.1","3.2"
"30803",674.2,491.4,217.5,129,103.5,NA,NA,NA,NA,NA,NA,"-0.2","2.9"
"30834",676.3,493,218.2,129.4,103.8,NA,NA,NA,NA,NA,NA,"0.3","2.8"
"30864",675.1,492.1,217.8,129.2,103.6,NA,NA,NA,NA,NA,NA,"-0.2","2.8"
"30895",677.6,493.9,218.6,129.7,104,NA,NA,NA,NA,NA,NA,"0.4","2.9"
"30926",677.1,493.6,218.5,129.6,103.9,NA,NA,NA,NA,NA,NA,"-0.1","2.7"
"30956",681.4,496.7,219.8,130.4,104.6,NA,NA,NA,NA,NA,NA,"0.6","3.1"
"30987",685,499.3,221,131.1,105.1,NA,NA,NA,NA,NA,NA,"0.5","3"
"31017",684.7,499.1,220.9,131,105.1,NA,NA,NA,NA,NA,NA,"0","2.9"
"31048",691.4,504,223.1,132.3,106.1,NA,NA,NA,NA,NA,NA,"1","3.5"
"31079",697.1,508.1,224.9,133.4,107,NA,NA,NA,NA,NA,NA,"0.8","4"
"31107",700.9,510.9,226.2,134.2,107.6,NA,NA,NA,NA,NA,NA,"0.6","3.9"
"31138",700.1,510.3,225.9,134,107.5,NA,NA,NA,NA,NA,NA,"-0.1","3.6"
"31168",699.6,510,225.7,133.9,107.4,NA,NA,NA,NA,NA,NA,"-0.1","3.8"
"31199",699.3,509.7,225.6,133.8,107.3,NA,NA,NA,NA,NA,NA,"0","3.4"
"31229",697.8,508.6,225.1,133.5,107.1,NA,NA,NA,NA,NA,NA,"-0.2","3.4"
"31260",697.6,508.5,225.1,133.5,107.1,NA,NA,NA,NA,NA,NA,"0","3"
"31291",699.8,510.1,225.8,133.9,107.4,NA,NA,NA,NA,NA,NA,"0.3","3.3"
"31321",701.5,511.4,226.3,134.3,107.7,NA,NA,NA,NA,NA,NA,"0.2","3"
"31352",706.5,515,227.9,135.2,108.4,NA,NA,NA,NA,NA,NA,"0.7","3.1"
"31382",706.9,515.3,228.1,135.3,108.5,NA,NA,NA,NA,NA,NA,"0.1","3.2"
"31413",706.6,515.1,228,135.2,108.5,NA,NA,NA,NA,NA,NA,"0","2.2000000000000002"
"31444",706.4,514.9,227.9,135.2,108.4,NA,NA,NA,NA,NA,NA,"0","1.3"
"31472",707.3,515.6,228.2,135.4,108.6,NA,NA,NA,NA,NA,NA,"0.1","0.9"
"31503",706.9,515.3,228.1,135.3,108.5,NA,NA,NA,NA,NA,NA,"-0.1","1"
"31533",704.8,513.7,227.4,134.9,108.2,NA,NA,NA,NA,NA,NA,"-0.3","0.7"
"31564",704.6,513.6,227.3,134.9,108.2,NA,NA,NA,NA,NA,NA,"0","0.8"
"31594",701.3,511.2,226.3,134.2,107.6,NA,NA,NA,NA,NA,NA,"-0.5","0.5"
"31625",702.6,512.2,226.7,134.5,107.9,NA,NA,NA,NA,NA,NA,"0.2","0.7"
"31656",703.9,513.1,227.1,134.7,108,NA,NA,NA,NA,NA,NA,"0.2","0.6"
"31686",704.1,513.2,227.2,134.7,108.1,NA,NA,NA,NA,NA,NA,"0","0.4"
"31717",705.8,514.5,227.7,135.1,108.3,NA,NA,NA,NA,NA,NA,"0.2","-0.1"
"31747",707.2,515.5,228.2,135.3,108.5,NA,NA,NA,NA,NA,NA,"0.2","0"
"31778",711.3,518.5,229.5,136.1,109.2,NA,NA,NA,NA,NA,NA,"0.6","0.7"
"31809",713.4,520,230.2,136.5,109.5,NA,NA,NA,NA,NA,NA,"0.3","1"
"31837",714.4,520.7,230.5,136.7,109.7,NA,NA,NA,NA,NA,NA,"0.1","1"
"31868",715.3,521.4,230.8,136.9,109.8,NA,NA,NA,NA,NA,NA,"0.1","1.2"
"31898",711.3,518.5,229.5,136.1,109.2,NA,NA,NA,NA,NA,NA,"-0.6","0.9"
"31929",713.6,520.2,230.2,136.6,109.5,NA,NA,NA,NA,NA,NA,"0.3","1.3"
"31959",713.8,520.3,230.3,136.6,109.6,NA,NA,NA,NA,NA,NA,"0","1.8"
"31990",716.5,522.3,231.2,137.1,110,NA,NA,NA,NA,NA,NA,"0.4","2"
"32021",714.8,521.1,230.6,136.8,109.7,NA,NA,NA,NA,NA,NA,"-0.2","1.6"
"32051",718,523.3,231.6,137.4,110.2,NA,NA,NA,NA,NA,NA,"0.4","2"
"32082",720.6,525.3,232.5,137.9,110.6,NA,NA,NA,NA,NA,NA,"0.4","2.1"
"32112",720.6,525.2,232.5,137.9,110.6,NA,NA,NA,NA,NA,NA,"0","1.9"
"32143",722.4,526.6,233.1,138.3,110.9,NA,NA,NA,NA,NA,NA,"0.3","1.6"
"32174",725.9,529.1,234.2,138.9,111.4,NA,NA,NA,NA,NA,NA,"0.5","1.8"
"32203",727.6,530.4,234.8,139.2,111.7,NA,NA,NA,NA,NA,NA,"0.2","1.9"
"32234",729,531.4,235.2,139.5,111.9,NA,NA,NA,NA,NA,NA,"0.2","1.9"
"32264",727.2,530.1,234.6,139.2,111.6,NA,NA,NA,NA,NA,NA,"-0.2","2.2000000000000002"
"32295",728.3,530.9,235,139.4,111.8,NA,NA,NA,NA,NA,NA,"0.2","2.1"
"32325",726.7,529.7,234.5,139.1,111.5,NA,NA,NA,NA,NA,NA,"-0.2","1.8"
"32356",729.2,531.6,235.3,139.6,111.9,NA,NA,NA,NA,NA,NA,"0.3","1.8"
"32387",729.4,531.7,235.3,139.6,112,NA,NA,NA,NA,NA,NA,"0","2"
"32417",730.6,532.5,235.7,139.8,112.1,NA,NA,NA,NA,NA,NA,"0.2","1.8"
"32448",733.3,534.5,236.6,140.3,112.5,NA,NA,NA,NA,NA,NA,"0.4","1.8"
"32478",734.6,535.5,237,140.6,112.8,NA,NA,NA,NA,NA,NA,"0.2","1.9"
"32509",738.6,538.4,238.3,141.4,113.4,NA,NA,NA,NA,NA,NA,"0.5","2.2000000000000002"
"32540",742.3,541.1,239.5,142.1,113.9,NA,NA,NA,NA,NA,NA,"0.5","2.2999999999999998"
"32568",744.3,542.6,240.1,142.5,114.2,NA,NA,NA,NA,NA,NA,"0.3","2.2999999999999998"
"32599",748.2,545.4,241.4,143.2,114.8,NA,NA,NA,NA,NA,NA,"0.5","2.6"
"32629",748.8,545.8,241.6,143.3,114.9,NA,NA,NA,NA,NA,NA,"0.1","3"
"32660",750,546.7,242,143.5,115.1,NA,NA,NA,NA,NA,NA,"0.2","3"
"32690",748.4,545.5,241.5,143.2,114.9,NA,NA,NA,NA,NA,NA,"-0.2","3"
"32721",750.9,547.3,242.3,143.7,115.3,NA,NA,NA,NA,NA,NA,"0.3","3"
"32752",754.1,549.7,243.3,144.3,115.8,NA,NA,NA,NA,NA,NA,"0.4","3.4"
"32782",757.1,551.9,244.3,144.9,116.2,NA,NA,NA,NA,NA,NA,"0.4","3.6"
"32813",765.8,558.2,247.1,146.6,117.6,NA,NA,NA,NA,NA,NA,"1.2","4.4000000000000004"
"32843",771.5,562.4,248.9,147.6,118.4,NA,NA,NA,NA,NA,NA,"0.7","5"
"32874",776,565.7,250.4,148.5,119.1,NA,NA,NA,NA,NA,NA,"0.6","5.0999999999999996"
"32905",778.5,567.5,251.2,149,119.5,NA,NA,NA,NA,NA,NA,"0.3","4.9000000000000004"
"32933",781.2,569.5,252.1,149.5,119.9,NA,NA,NA,NA,NA,NA,"0.3","5"
"32964",782.8,570.6,252.6,149.8,120.2,NA,NA,NA,NA,NA,NA,"0.2","4.5999999999999996"
"32994",786.6,573.4,253.8,150.5,120.7,NA,NA,NA,NA,NA,NA,"0.5","5.0999999999999996"
"33025",787.7,574.2,254.2,150.8,120.9,NA,NA,NA,NA,NA,NA,"0.1","5"
"33055",788.1,574.5,254.3,150.8,121,NA,NA,NA,NA,NA,NA,"0","5.3"
"33086",796.5,580.6,257,152.4,122.3,NA,NA,NA,NA,NA,NA,"1.1000000000000001","6.1"
"33117",800.3,583.4,258.2,153.2,122.8,NA,NA,NA,NA,NA,NA,"0.5","6.1"
"33147",805.2,586.9,259.8,154.1,123.6,NA,NA,NA,NA,NA,NA,"0.6","6.4"
"33178",812.2,592.1,262.1,155.4,124.7,NA,NA,NA,NA,NA,NA,"0.9","6.1"
"33208",812.2,592,262,155.4,124.7,NA,NA,NA,NA,NA,NA,"0","5.3"
"33239",818.8,596.8,264.2,156.7,125.7,NA,NA,NA,NA,NA,NA,"0.8","5.5"
"33270",826.9,602.8,266.8,158.3,126.9,NA,NA,NA,NA,NA,NA,"1","6.2"
"33298",827,602.9,266.8,158.3,126.9,NA,NA,NA,NA,NA,NA,"0","5.9"
"33329",829,604.3,267.5,158.7,127.2,NA,NA,NA,NA,NA,NA,"0.2","5.9"
"33359",836,609.4,269.7,160,128.3,NA,NA,NA,NA,NA,NA,"0.8","6.3"
"33390",839.5,611.9,270.8,160.7,128.8,NA,NA,NA,NA,NA,NA,"0.4","6.6"
"33420",839.7,612.1,270.9,160.7,128.9,NA,NA,NA,NA,NA,NA,"0","6.6"
"33451",844.1,615.3,272.3,161.5,129.6,NA,NA,NA,NA,NA,NA,"0.5","6"
"33482",845.7,616.5,272.9,161.9,129.8,NA,NA,NA,NA,NA,NA,"0.2","5.7"
"33512",846.5,617,273.1,162,129.9,NA,NA,NA,NA,NA,NA,"0.1","5.0999999999999996"
"33543",856.7,624.4,276.4,164,131.5,NA,NA,NA,NA,NA,NA,"1.2","5.5"
"33573",854.6,623,275.7,163.6,131.2,NA,NA,NA,NA,NA,NA,"-0.2","5.2"
"33604",858.6,625.9,277,164.3,131.8,NA,NA,NA,NA,NA,NA,"0.5","4.9000000000000004"
"33635",864.8,630.4,279,165.5,132.7,NA,NA,NA,NA,NA,NA,"0.7","4.5999999999999996"
"33664",867.3,632.2,279.8,166,133.1,NA,NA,NA,NA,NA,NA,"0.3","4.9000000000000004"
"33695",868.7,633.2,280.3,166.3,133.3,NA,NA,NA,NA,NA,NA,"0.2","4.8"
"33725",871,634.9,281,166.7,133.7,NA,NA,NA,NA,NA,NA,"0.3","4.2"
"33756",874.4,637.4,282.1,167.4,134.2,NA,NA,NA,NA,NA,NA,"0.4","4.2"
"33786",871.8,635.5,281.3,166.8,133.8,NA,NA,NA,NA,NA,NA,"-0.3","3.8"
"33817",874.1,637.1,282,167.3,134.2,NA,NA,NA,NA,NA,NA,"0.3","3.6"
"33848",875.1,637.9,282.3,167.5,134.3,NA,NA,NA,NA,NA,NA,"0.1","3.5"
"33878",876.4,638.8,282.8,167.7,134.5,NA,NA,NA,NA,NA,NA,"0.1","3.5"
"33909",884.8,645,285.5,169.3,135.8,NA,NA,NA,NA,NA,NA,"1","3.3"
"33939",883.9,644.3,285.2,169.2,135.7,NA,NA,NA,NA,NA,NA,"-0.1","3.4"
"33970",888.4,647.6,286.6,170,136.4,NA,NA,NA,NA,NA,NA,"0.5","3.5"
"34001",894.1,651.7,288.5,171.1,137.2,NA,NA,NA,NA,NA,NA,"0.6","3.4"
"34029",898.9,655.2,290,172,138,NA,NA,NA,NA,NA,NA,"0.5","3.6"
"34060",901.6,657.2,290.9,172.5,138.4,NA,NA,NA,NA,NA,NA,"0.3","3.8"
"34090",902.1,657.6,291.1,172.7,138.5,100,NA,NA,NA,NA,NA,"0.1","3.6"
"34121",901.9,657.4,291,172.6,138.4,100,NA,NA,NA,NA,NA,"0","3.1"
"34151",901.3,657,290.8,172.5,138.3,99.9,NA,NA,NA,NA,NA,"-0.1","3.4"
"34182",905.8,660.2,292.2,173.4,139,100.4,NA,NA,NA,NA,NA,"0.5","3.6"
"34213",905.2,659.8,292.1,173.2,138.9,100.3,NA,NA,NA,NA,NA,"-0.1","3.4"
"34243",905.9,660.3,292.3,173.4,139,100.4,NA,NA,NA,NA,NA,"0.1","3.4"
"34274",904.7,659.4,291.9,173.1,138.9,100.3,NA,NA,NA,NA,NA,"-0.1","2.2000000000000002"
"34304",905.8,660.3,292.2,173.4,139,100.4,NA,NA,NA,NA,NA,"0.1","2.5"
"34335",906.9,661,292.6,173.6,139.2,100.5,NA,NA,NA,NA,NA,"0.1","2.1"
"34366",910.5,663.7,293.8,174.3,139.8,100.9,NA,NA,NA,NA,NA,"0.4","1.8"
"34394",910.6,663.7,293.8,174.3,139.8,100.9,NA,NA,NA,NA,NA,"0","1.3"
"34425",911,664.1,293.9,174.4,139.8,101,NA,NA,NA,NA,NA,"0.1","1"
"34455",905.4,660,292.1,173.3,139,100.4,NA,NA,NA,NA,NA,"-0.6","0.4"
"34486",906.8,661,292.6,173.5,139.2,100.5,NA,NA,NA,NA,NA,"0.2","0.5"
"34516",906.6,660.9,292.5,173.5,139.2,100.5,NA,NA,NA,NA,NA,"0","0.6"
"34547",910.2,663.5,293.7,174.2,139.7,100.9,NA,NA,NA,NA,NA,"0.4","0.5"
"34578",910.6,663.7,293.8,174.3,139.8,100.9,NA,NA,NA,NA,NA,"0","0.6"
"34608",909.8,663.2,293.5,174.1,139.7,100.9,NA,NA,NA,NA,NA,"-0.1","0.4"
"34639",909.8,663.2,293.5,174.1,139.6,100.8,NA,NA,NA,NA,NA,"0","0.6"
"34669",909.6,663,293.5,174.1,139.6,100.8,NA,NA,NA,NA,NA,"0","0.4"
"34700",916.1,667.8,295.6,175.3,140.6,101.5,NA,NA,NA,NA,NA,"0.7","1"
"34731",924.2,673.7,298.2,176.9,141.9,102.5,NA,NA,NA,NA,NA,"0.9","1.5"
"34759",924.8,674.1,298.4,177,141.9,102.5,NA,NA,NA,NA,NA,"0.1","1.6"
"34790",925.6,674.7,298.6,177.1,142.1,102.6,NA,NA,NA,NA,NA,"0.1","1.6"
"34820",923.8,673.4,298.1,176.8,141.8,102.4,NA,NA,NA,NA,NA,"-0.2","2"
"34851",925.7,674.8,298.7,177.2,142.1,102.6,NA,NA,NA,NA,NA,"0.2","2.1"
"34881",925,674.3,298.5,177,142,102.5,NA,NA,NA,NA,NA,"-0.1","2"
"34912",928,676.4,299.4,177.6,142.4,102.9,NA,NA,NA,NA,NA,"0.3","2"
"34943",928.8,677,299.7,177.8,142.6,103,NA,NA,NA,NA,NA,"0.1","2"
"34973",927.8,676.3,299.3,177.6,142.4,102.8,NA,NA,NA,NA,NA,"-0.1","2"
"35004",927.1,675.8,299.1,177.4,142.3,102.8,NA,NA,NA,NA,NA,"-0.1","1.9"
"35034",927.3,676,299.2,177.5,142.3,102.8,NA,NA,NA,NA,NA,"0","1.9"
"35065",930,677.9,300,178,142.7,103.1,NA,NA,NA,NA,NA,"0.3","1.5"
"35096",931.5,679,300.5,178.3,143,103.3,NA,NA,NA,NA,NA,"0.2","0.8"
"35125",933.1,680.2,301.1,178.6,143.2,103.4,NA,NA,NA,NA,NA,"0.2","0.9"
"35156",934,680.8,301.4,178.8,143.4,103.5,NA,NA,NA,NA,NA,"0.1","0.9"
"35186",930.6,678.3,300.2,178.1,142.8,103.2,NA,NA,NA,NA,NA,"-0.4","0.7"
"35217",932.4,679.7,300.8,178.4,143.1,103.4,NA,NA,NA,NA,NA,"0.2","0.7"
"35247",931.1,678.7,300.4,178.2,142.9,103.2,NA,NA,NA,NA,NA,"-0.1","0.7"
"35278",933.5,680.5,301.2,178.7,143.3,103.5,NA,NA,NA,NA,NA,"0.3","0.6"
"35309",934.1,680.9,301.4,178.8,143.4,103.5,NA,NA,NA,NA,NA,"0.1","0.6"
"35339",935.6,682,301.8,179,143.6,103.7,NA,NA,NA,NA,NA,"0.2","0.8"
"35370",933.8,680.7,301.3,178.7,143.3,103.5,NA,NA,NA,NA,NA,"-0.2","0.7"
"35400",934.6,681.2,301.5,178.9,143.4,103.6,NA,NA,NA,NA,NA,"0.1","0.8"
"35431",937.7,683.5,302.5,179.5,143.9,103.9,NA,NA,NA,NA,NA,"0.3","0.8"
"35462",939.3,684.7,303.1,179.8,144.2,104.1,NA,NA,NA,NA,NA,"0.2","0.8"
"35490",938,683.7,302.6,179.5,144,104,NA,NA,NA,NA,NA,"-0.1","0.5"
"35521",938.9,684.4,302.9,179.7,144.1,104.1,NA,NA,NA,NA,NA,"0.1","0.5"
"35551",936,682.3,302,179.1,143.7,103.8,NA,NA,NA,NA,NA,"-0.3","0.6"
"35582",936.9,682.9,302.3,179.3,143.8,103.9,NA,NA,NA,NA,NA,"0.1","0.5"
"35612",935.9,682.2,302,179.1,143.7,103.7,NA,NA,NA,NA,NA,"-0.1","0.5"
"35643",938,683.7,302.6,179.5,144,104,NA,NA,NA,NA,NA,"0.2","0.5"
"35674",937.9,683.7,302.6,179.5,144,104,NA,NA,NA,NA,NA,"0","0.4"
"35704",938,683.7,302.6,179.5,144,104,NA,NA,NA,NA,NA,"0","0.3"
"35735",937.7,683.5,302.5,179.5,143.9,103.9,NA,NA,NA,NA,NA,"0","0.4"
"35765",938.2,683.9,302.7,179.6,144,104,NA,NA,NA,NA,NA,"0","0.4"
"35796",937.8,683.6,302.6,179.5,144,104,NA,NA,NA,NA,NA,"0","0"
"35827",939,684.5,303,179.7,144.1,104.1,NA,NA,NA,NA,NA,"0.1","0"
"35855",938.3,684,302.7,179.6,144,104,NA,NA,NA,NA,NA,"-0.1","0"
"35886",938.7,684.2,302.9,179.6,144.1,104.1,NA,NA,NA,NA,NA,"0","0"
"35916",936.7,682.8,302.2,179.3,143.8,103.8,NA,NA,NA,NA,NA,"-0.2","0.1"
"35947",937.9,683.6,302.6,179.5,144,104,NA,NA,NA,NA,NA,"0.1","0.1"
"35977",936.6,682.7,302.2,179.2,143.8,103.8,NA,NA,NA,NA,NA,"-0.1","0.1"
"36008",939.3,684.7,303,179.8,144.2,104.1,NA,NA,NA,NA,NA,"0.3","0.1"
"36039",938.5,684.1,302.8,179.6,144.1,104,NA,NA,NA,NA,NA,"-0.1","0.1"
"36069",938.3,684,302.7,179.6,144,104,NA,NA,NA,NA,NA,"0","0"
"36100",936.8,682.9,302.3,179.3,143.8,103.8,NA,NA,NA,NA,NA,"-0.2","-0.1"
"36130",936.6,682.7,302.2,179.3,143.8,103.8,NA,NA,NA,NA,NA,"0","-0.2"
"36161",938.5,684.1,302.8,179.6,144.1,104,NA,NA,NA,NA,NA,"0.2","0.1"
"36192",941.7,686.4,303.8,180.2,144.5,104.4,NA,NA,NA,NA,NA,"0.3","0.3"
"36220",942.7,687.2,304.1,180.4,144.7,104.5,NA,NA,NA,NA,NA,"0.1","0.5"
"36251",944.3,688.3,304.7,180.7,144.9,104.7,NA,NA,NA,NA,NA,"0.2","0.6"
"36281",942.1,686.8,304,180.3,144.6,104.4,NA,NA,NA,NA,NA,"-0.2","0.6"
"36312",943.2,687.6,304.3,180.5,144.8,104.6,NA,NA,NA,NA,NA,"0.1","0.6"
"36342",943.5,687.7,304.4,180.6,144.8,104.6,NA,NA,NA,NA,NA,"0","0.7"
"36373",948.1,691.1,305.9,181.5,145.5,105.1,NA,NA,NA,NA,NA,"0.5","0.9"
"36404",949.9,692.4,306.5,181.8,145.8,105.3,NA,NA,NA,NA,NA,"0.2","1.2"
"36434",949.9,692.4,306.5,181.8,145.8,105.3,NA,NA,NA,NA,NA,"0","1.2"
"36465",949,691.8,306.2,181.6,145.7,105.2,NA,NA,NA,NA,NA,"-0.1","1.3"
"36495",952.2,694.1,307.2,182.2,146.2,105.6,NA,NA,NA,NA,NA,"0.3","1.7"
"36526",953.4,695,307.6,182.5,146.3,105.7,NA,NA,NA,NA,NA,"0.1","1.6"
"36557",957,697.6,308.8,183.2,146.9,106.1,NA,NA,NA,NA,NA,"0.4","1.6"
"36586",956.7,697.3,308.7,183.1,146.8,106,NA,NA,NA,NA,NA,"0","1.5"
"36617",957.5,698,308.9,183.2,147,106.1,NA,NA,NA,NA,NA,"0.1","1.4"
"36647",957,697.6,308.8,183.2,146.9,106.1,100,NA,NA,NA,NA,"0","1.6"
"36678",960.6,700.2,309.9,183.8,147.4,106.5,100.4,NA,NA,NA,NA,"0.4","1.8"
"36708",961.3,700.7,310.2,184,147.6,106.6,100.4,NA,NA,NA,NA,"0.1","1.9"
"36739",958.8,698.9,309.4,183.5,147.2,106.3,100.2,NA,NA,NA,NA,"-0.3","1.1000000000000001"
"36770",963.6,702.4,310.9,184.4,147.9,106.8,100.7,NA,NA,NA,NA,"0.5","1.4"
"36800",962.6,701.7,310.6,184.2,147.7,106.7,100.6,NA,NA,NA,NA,"-0.1","1.3"
"36831",967.2,705,312,185.1,148.5,107.2,101.1,NA,NA,NA,NA,"0.5","1.9"
"36861",966.4,704.5,311.8,185,148.3,107.1,101,NA,NA,NA,NA,"-0.1","1.5"
"36892",965.8,704,311.6,184.8,148.2,107.1,100.9,NA,NA,NA,NA,"-0.1","1.3"
"36923",964.4,703,311.2,184.6,148,106.9,100.8,NA,NA,NA,NA,"-0.1","0.8"
"36951",966,704.1,311.7,184.9,148.3,107.1,100.9,NA,NA,NA,NA,"0.2","1"
"36982",968.7,706.1,312.5,185.4,148.7,107.4,101.2,NA,NA,NA,NA,"0.3","1.2"
"37012",973.9,709.9,314.2,186.4,149.5,108,101.8,NA,NA,NA,NA,"0.5","1.8"
"37043",975.8,711.3,314.8,186.7,149.8,108.2,102,NA,NA,NA,NA,"0.2","1.6"
"37073",974.3,710.2,314.3,186.5,149.5,108,101.8,NA,NA,NA,NA,"-0.2","1.4"
"37104",968.9,706.3,312.6,185.4,148.7,107.4,101.2,NA,NA,NA,NA,"-0.6","1.1000000000000001"
"37135",970.1,707.2,313,185.7,148.9,107.5,101.4,NA,NA,NA,NA,"0.1","0.7"
"37165",968.7,706.1,312.5,185.4,148.7,107.4,101.2,NA,NA,NA,NA,"-0.2","0.6"
"37196",969.9,707,312.9,185.6,148.9,107.5,101.4,NA,NA,NA,NA,"0.1","0.3"
"37226",969.6,706.8,312.8,185.6,148.8,107.5,101.3,NA,NA,NA,NA,"0","0.3"
"37257",970.8,707.6,313.2,185.8,149,107.6,101.4,NA,NA,NA,NA,"0.1","0.5"
"37288",970.8,707.6,313.2,185.8,149,107.6,101.4,NA,NA,NA,NA,"0","0.7"
"37316",970.9,707.7,313.3,185.8,149,107.6,101.5,NA,NA,NA,NA,"0","0.5"
"37347",979.3,713.8,316,187.4,150.3,108.6,102.3,NA,NA,NA,NA,"0.9","1.1000000000000001"
"37377",980.2,714.5,316.3,187.6,150.5,108.7,102.4,NA,NA,NA,NA,"0.1","0.6"
"37408",978.9,713.6,315.8,187.3,150.3,108.5,102.3,NA,NA,NA,NA,"-0.1","0.3"
"37438",973.8,709.8,314.2,186.4,149.5,107.9,101.8,NA,NA,NA,NA,"-0.5","-0.1"
"37469",973.5,709.6,314.1,186.3,149.4,107.9,101.7,NA,NA,NA,NA,"0","0.5"
"37500",974.9,710.7,314.6,186.6,149.6,108.1,101.9,NA,NA,NA,NA,"0.2","0.5"
"37530",980.6,714.8,316.4,187.7,150.5,108.7,102.5,NA,NA,NA,NA,"0.6","1.2"
"37561",978.8,713.5,315.8,187.3,150.2,108.5,102.3,NA,NA,NA,NA,"-0.2","0.9"
"37591",978.2,713.1,315.6,187.2,150.2,108.4,102.2,NA,NA,NA,NA,"-0.1","0.9"
"37622",979,713.6,315.9,187.4,150.3,108.5,102.3,NA,NA,NA,NA,"0.1","0.8"
"37653",980,714.3,316.2,187.5,150.4,108.6,102.4,NA,NA,NA,NA,"0.1","0.9"
"37681",983.9,717.2,317.5,188.3,151,109.1,102.8,NA,NA,NA,NA,"0.4","1.3"
"37712",985.9,718.6,318.1,188.7,151.3,109.3,103,NA,NA,NA,NA,"0.2","0.7"
"37742",984.3,717.5,317.6,188.4,151.1,109.1,102.8,NA,NA,NA,NA,"-0.2","0.4"
"37773",984.3,717.5,317.6,188.4,151.1,109.1,102.9,NA,NA,NA,NA,"0","0.5"
"37803",976.4,711.7,315,186.9,149.9,108.2,102,NA,NA,NA,NA,"-0.8","0.3"
"37834",978.7,713.4,315.8,187.3,150.2,108.5,102.3,NA,NA,NA,NA,"0.2","0.5"
"37865",980.1,714.4,316.2,187.6,150.4,108.6,102.4,NA,NA,NA,NA,"0.1","0.5"
"37895",985.1,718.1,317.8,188.5,151.2,109.2,102.9,NA,NA,NA,NA,"0.5","0.5"
"37926",983.8,717.2,317.4,188.3,151,109.1,102.8,NA,NA,NA,NA,"-0.1","0.5"
"37956",984,717.3,317.5,188.3,151,109.1,102.8,NA,NA,NA,NA,"0","0.6"
"37987",980.7,714.9,316.4,187.7,150.5,108.7,102.5,NA,NA,NA,NA,"-0.3","0.2"
"38018",980.9,715,316.5,187.7,150.6,108.7,102.5,NA,NA,NA,NA,"0","0.1"
"38047",983,716.5,317.1,188.1,150.9,109,102.7,NA,NA,NA,NA,"0.2","-0.1"
"38078",991.3,722.6,319.8,189.7,152.1,109.9,103.6,NA,NA,NA,NA,"0.8","0.5"
"38108",993.5,724.2,320.6,190.1,152.5,110.1,103.8,NA,NA,NA,NA,"0.2","0.9"
"38139",995.3,725.5,321.1,190.5,152.8,110.3,104,NA,NA,NA,NA,"0.2","1.1000000000000001"
"38169",984.8,717.9,317.8,188.5,151.2,109.2,102.9,NA,NA,NA,NA,"-1","0.9"
"38200",988.5,720.5,318.9,189.2,151.7,109.6,103.3,NA,NA,NA,NA,"0.4","1"
"38231",988.5,720.6,318.9,189.2,151.7,109.6,103.3,NA,NA,NA,NA,"0","0.9"
"38261",997.8,727.3,321.9,191,153.2,110.6,104.3,NA,NA,NA,NA,"0.9","1.3"
"38292",998.8,728,322.2,191.1,153.3,110.7,104.4,NA,NA,NA,NA,"0.1","1.5"
"38322",997.1,726.9,321.7,190.8,153.1,110.5,104.2,NA,NA,NA,NA,"-0.2","1.3"
"38353",992.5,723.5,320.2,189.9,152.3,110,103.7,NA,NA,NA,NA,"-0.5","1.2"
"38384",994.7,725.1,320.9,190.4,152.7,110.3,103.9,NA,NA,NA,NA,"0.2","1.4"
"38412",997.1,726.8,321.7,190.8,153.1,110.5,104.2,NA,NA,NA,NA,"0.2","1.4"
"38443",1005.3,732.8,324.3,192.4,154.3,111.4,105,NA,NA,NA,NA,"0.8","1.4"
"38473",1004.3,732.1,324,192.2,154.2,111.3,104.9,NA,NA,NA,NA,"-0.1","1.1000000000000001"
"38504",1002,730.4,323.3,191.8,153.8,111.1,104.7,NA,NA,NA,NA,"-0.2","0.7"
"38534",996.6,726.4,321.5,190.7,153,110.5,104.1,NA,NA,NA,NA,"-0.5","1.2"
"38565",998,727.5,322,191,153.2,110.6,104.3,NA,NA,NA,NA,"0.1","1"
"38596",1002.4,730.7,323.4,191.8,153.9,111.1,104.7,NA,NA,NA,NA,"0.4","1.4"
"38626",1011.1,737,326.2,193.5,155.2,112.1,105.7,NA,NA,NA,NA,"0.9","1.3"
"38657",1008.3,735,325.3,193,154.8,111.8,105.4,NA,NA,NA,NA,"-0.3","1"
"38687",1007.2,734.2,325,192.8,154.6,111.6,105.2,1900-04-09,NA,NA,NA,"-0.1","1"
"38718",1005.3,732.8,324.4,192.4,154.3,111.4,105,1900-04-08 19:12:00,NA,NA,NA,"-0.2","1.3"
"38749",1008.5,735.1,325.4,193,154.8,111.8,105.4,1900-04-09 02:24:00,NA,NA,NA,"0.3","1.4"
"38777",1007.4,734.3,325,192.8,154.6,111.7,105.3,1900-04-09,NA,NA,NA,"-0.1","1"
"38808",1015.9,740.6,327.8,194.4,155.9,112.6,106.2,1900-04-09 21:36:00,NA,NA,NA,"0.8","1.1000000000000001"
"38838",1018,742,328.4,194.8,156.3,112.8,106.4,1900-04-10 02:24:00,NA,NA,NA,"0.2","1.4"
"38869",1017.7,741.8,328.3,194.8,156.2,112.8,106.3,1900-04-10,NA,NA,NA,"0","1.6"
"38899",1010.8,736.8,326.1,193.4,155.1,112,105.6,1900-04-09 09:36:00,NA,NA,NA,"-0.7","1.4"
"38930",1012.5,738,326.7,193.8,155.4,112.2,105.8,1900-04-09 12:00:00,NA,NA,NA,"0.2","1.5"
"38961",1010.3,736.5,326,193.4,155.1,112,105.6,1900-04-09 07:12:00,NA,NA,NA,"-0.2","0.8"
"38991",1013.7,738.9,327.1,194,155.6,112.4,105.9,1900-04-09 16:48:00,NA,NA,NA,"0.3","0.3"
"39022",1013.3,738.6,326.9,193.9,155.5,112.3,105.9,1900-04-09 14:24:00,NA,NA,NA,"0","0.5"
"39052",1013.4,738.7,327,193.9,155.6,112.3,105.9,1900-04-09 14:24:00,NA,NA,NA,"0","0.6"
"39083",1006.4,733.6,324.7,192.6,154.5,111.6,105.2,1900-04-08 21:36:00,NA,NA,NA,"-0.7","0.1"
"39114",1008.3,735,325.3,193,154.8,111.8,105.4,1900-04-09 02:24:00,NA,NA,NA,"0.2","0"
"39142",1009.1,735.6,325.6,193.1,154.9,111.9,105.4,1900-04-09 04:48:00,NA,NA,NA,"0.1","0.2"
"39173",1020.6,743.9,329.3,195.3,156.6,113.1,106.6,1900-04-10 07:12:00,NA,NA,NA,"1.1000000000000001","0.5"
"39203",1022.9,745.7,330,195.8,157,113.4,106.9,1900-04-10 14:24:00,NA,NA,NA,"0.2","0.5"
"39234",1024.1,746.5,330.4,196,157.2,113.5,107,1900-04-10 16:48:00,NA,NA,NA,"0.1","0.6"
"39264",1018,742.1,328.5,194.8,156.3,112.8,106.4,1900-04-10 02:24:00,NA,NA,NA,"-0.6","0.7"
"39295",1016.9,741.2,328.1,194.6,156.1,112.7,106.3,1900-04-10,NA,NA,NA,"-0.1","0.4"
"39326",1017.9,742,328.4,194.8,156.2,112.8,106.4,1900-04-10 02:24:00,NA,NA,NA,"0.1","0.7"
"39356",1026.6,748.3,331.2,196.5,157.6,113.8,107.3,1900-04-10 21:36:00,NA,NA,NA,"0.9","1.3"
"39387",1031.2,751.7,332.7,197.4,158.3,114.3,107.8,1900-04-11 09:36:00,NA,NA,NA,"0.5","1.8"
"39417",1033.7,753.5,333.5,197.8,158.7,114.6,108,1900-04-11 14:24:00,NA,NA,NA,"0.2","2"
"39448",1030.8,751.4,332.6,197.3,158.2,114.3,107.7,1900-04-11 07:12:00,NA,NA,NA,"-0.3","2.4"
"39479",1032.2,752.4,333,197.5,158.4,114.4,107.9,1900-04-11 12:00:00,NA,NA,NA,"0.1","2.4"
"39508",1035.7,754.9,334.2,198.2,159,114.8,108.2,1900-04-11 19:12:00,NA,NA,NA,"0.3","2.6"
"39539",1043.9,760.9,336.8,199.8,160.2,115.7,109.1,1900-04-12 14:24:00,NA,NA,NA,"0.8","2.2999999999999998"
"39569",1052.1,766.9,339.5,201.4,161.5,116.6,109.9,1900-04-13 12:00:00,NA,NA,NA,"0.8","2.9"
"39600",1053.9,768.2,340,201.7,161.8,116.8,110.1,1900-04-13 14:24:00,NA,NA,NA,"0.2","2.9"
"39630",1049.3,764.9,338.6,200.8,161.1,116.3,109.6,1900-04-13 04:48:00,NA,NA,NA,"-0.4","3.1"
"39661",1046.6,762.9,337.7,200.3,160.6,116,109.4,1900-04-12 21:36:00,NA,NA,NA,"-0.3","2.9"
"39692",1047.7,763.7,338,200.5,160.8,116.1,109.5,1900-04-13,NA,NA,NA,"0.1","2.9"
"39722",1053.2,767.7,339.8,201.6,161.7,116.7,110.1,1900-04-13 14:24:00,NA,NA,NA,"0.5","2.6"
"39753",1046.2,762.6,337.5,200.2,160.6,116,109.3,1900-04-12 21:36:00,NA,NA,NA,"-0.7","1.5"
"39783",1041,758.8,335.9,199.2,159.8,115.4,108.8,1900-04-12 09:36:00,NA,NA,NA,"-0.5","0.7"
"39814",1032.2,752.4,333,197.5,158.4,114.4,107.9,1900-04-11 12:00:00,NA,NA,NA,"-0.8","0.1"
"39845",1034.6,754.2,333.8,198,158.8,114.7,108.1,1900-04-11 16:48:00,NA,NA,NA,"0.2","0.2"
"39873",1031.3,751.7,332.7,197.4,158.3,114.3,107.8,1900-04-11 09:36:00,NA,NA,NA,"-0.3","-0.4"
"39904",1040.4,758.4,335.7,199.1,159.7,115.3,108.7,1900-04-12 07:12:00,NA,NA,NA,"0.9","-0.3"
"39934",1042,759.6,336.2,199.4,159.9,115.5,108.9,1900-04-12 12:00:00,NA,NA,NA,"0.2","-1"
"39965",1043.9,760.9,336.8,199.8,160.2,115.7,109.1,1900-04-12 14:24:00,NA,NA,NA,"0.2","-1"
"39995",1037,755.9,334.6,198.5,159.2,114.9,108.4,1900-04-12,NA,NA,NA,"-0.7","-1.2"
"40026",1038.1,756.7,334.9,198.7,159.3,115.1,108.5,1900-04-12 02:24:00,NA,NA,NA,"0.1","-0.8"
"40057",1038,756.6,334.9,198.6,159.3,115.1,108.5,1900-04-12 02:24:00,NA,NA,NA,"0","-0.9"
"40087",1044.4,761.3,337,199.9,160.3,115.8,109.1,1900-04-12 16:48:00,NA,NA,NA,"0.6","-0.8"
"40118",1046.5,762.8,337.6,200.3,160.6,116,109.3,1900-04-12 21:36:00,NA,NA,NA,"0.2","0"
"40148",1043.9,761,336.8,199.8,160.2,115.7,109.1,1900-04-12 14:24:00,NA,NA,NA,"-0.2","0.3"
"40179",1042.8,760.1,336.4,199.6,160.1,115.6,109,1900-04-12 12:00:00,NA,NA,NA,"-0.1","1"
"40210",1044.3,761.2,336.9,199.9,160.3,115.8,109.1,1900-04-12 16:48:00,NA,NA,NA,"0.1","0.9"
"40238",1045.7,762.3,337.4,200.1,160.5,115.9,109.3,1900-04-12 19:12:00,NA,NA,NA,"0.1","1.4"
"40269",1054.7,768.8,340.3,201.8,161.9,116.9,110.2,1900-04-13 16:48:00,NA,NA,NA,"0.9","1.4"
"40299",1053.6,768,339.9,201.6,161.7,116.8,110.1,1900-04-13 14:24:00,NA,NA,NA,"-0.1","1.1000000000000001"
"40330",1049,764.6,338.4,200.8,161,116.3,109.6,1900-04-13 04:48:00,NA,NA,NA,"-0.4","0.5"
"40360",1041.3,759.1,336,199.3,159.8,115.4,108.8,1900-04-12 09:36:00,NA,NA,NA,"-0.7","0.4"
"40391",1041.2,758.9,335.9,199.3,159.8,115.4,108.8,1900-04-12 09:36:00,NA,NA,NA,"0","0.3"
"40422",1040.9,758.8,335.8,199.2,159.8,115.4,108.8,1900-04-12 09:36:00,NA,NA,NA,"0","0.3"
"40452",1046.5,762.8,337.6,200.3,160.6,116,109.3,1900-04-12 21:36:00,NA,NA,NA,"0.5","0.2"
"40483",1049,764.6,338.4,200.8,161,116.3,109.6,1900-04-13 04:48:00,NA,NA,NA,"0.2","0.2"
"40513",1049.4,764.9,338.6,200.8,161.1,116.3,109.6,1900-04-13 04:48:00,1900-04-09,NA,NA,"0","0.5"
"40544",1045.7,762.2,337.4,200.1,160.5,115.9,109.3,1900-04-12 19:12:00,1900-04-08 14:24:00,NA,NA,"-0.4","0.3"
"40575",1049.6,765.1,338.6,200.9,161.1,116.3,109.7,1900-04-13 04:48:00,1900-04-09,NA,NA,"0.4","0.5"
"40603",1056.2,769.9,340.8,202.1,162.1,117.1,110.4,1900-04-13 21:36:00,1900-04-09 16:48:00,NA,NA,"0.6","1"
"40634",1057.4,770.8,341.2,202.4,162.3,117.2,110.5,1900-04-14,1900-04-09 19:12:00,NA,NA,"0.1","0.3"
"40664",1057.5,770.8,341.2,202.4,162.3,117.2,110.5,1900-04-14,1900-04-09 19:12:00,NA,NA,"0","0.4"
"40695",1054.9,769,340.4,201.9,161.9,116.9,110.2,1900-04-13 16:48:00,1900-04-09 12:00:00,NA,NA,"-0.2","0.6"
"40725",1046.2,762.6,337.6,200.2,160.6,116,109.3,1900-04-12 21:36:00,1900-04-08 16:48:00,NA,NA,"-0.8","0.5"
"40756",1043.2,760.4,336.6,199.6,160.1,115.6,109,1900-04-12 14:24:00,1900-04-08 09:36:00,NA,NA,"-0.3","0.2"
"40787",1046,762.5,337.5,200.2,160.6,115.9,109.3,1900-04-12 21:36:00,1900-04-08 16:48:00,NA,NA,"0.3","0.5"
"40817",1045.3,761.9,337.3,200,160.4,115.9,109.2,1900-04-12 19:12:00,1900-04-08 14:24:00,NA,NA,"-0.1","-0.1"
"40848",1043.5,760.6,336.7,199.7,160.2,115.7,109,1900-04-12 14:24:00,1900-04-08 09:36:00,NA,NA,"-0.2","-0.5"
"40878",1041.9,759.4,336.1,199.4,159.9,115.5,108.9,1900-04-12 09:36:00,1900-04-08 07:12:00,NA,NA,"-0.2","-0.7"
"40909",1037.4,756.2,334.7,198.5,159.2,115,108.4,1900-04-12,1900-04-07 21:36:00,NA,NA,"-0.4","-0.8"
"40940",1040.3,758.3,335.7,199.1,159.7,115.3,108.7,1900-04-12 07:12:00,1900-04-08 02:24:00,NA,NA,"0.3","-0.9"
"40969",1046.1,762.6,337.5,200.2,160.6,116,109.3,1900-04-12 21:36:00,1900-04-08 16:48:00,NA,NA,"0.6","-1"
"41000",1046.9,763.1,337.8,200.4,160.7,116.1,109.4,1900-04-12 21:36:00,1900-04-08 19:12:00,NA,NA,"0.1","-1"
"41030",1046.7,763,337.7,200.3,160.7,116,109.4,1900-04-12 21:36:00,1900-04-08 19:12:00,NA,NA,"0","-1"
"41061",1043.8,760.9,336.8,199.8,160.2,115.7,109.1,1900-04-12 14:24:00,1900-04-08 12:00:00,NA,NA,"-0.3","-1.1000000000000001"
"41091",1038.8,757.2,335.1,198.8,159.4,115.1,108.5,1900-04-12 02:24:00,1900-04-08,NA,NA,"-0.5","-0.7"
"41122",1038.4,757,335,198.7,159.4,115.1,108.5,1900-04-12 02:24:00,1900-04-08,NA,NA,"0","-0.5"
"41153",1041.7,759.3,336.1,199.4,159.9,115.5,108.8,1900-04-12 09:36:00,1900-04-08 07:12:00,NA,NA,"0.3","-0.4"
"41183",1043,760.3,336.5,199.6,160.1,115.6,109,1900-04-12 14:24:00,1900-04-08 09:36:00,NA,NA,"0.1","-0.2"
"41214",1039.6,757.8,335.4,198.9,159.6,115.2,108.6,1900-04-12 04:48:00,1900-04-08 02:24:00,NA,NA,"-0.3","-0.4"
"41244",1037.3,756.1,334.7,198.5,159.2,115,108.4,1900-04-12,1900-04-07 21:36:00,NA,NA,"-0.2","-0.4"
"41275",1034.6,754.2,333.8,198,158.8,114.7,108.1,1900-04-11 16:48:00,1900-04-07 14:24:00,NA,NA,"-0.3","-0.3"
"41306",1037.7,756.4,334.8,198.6,159.3,115,108.4,1900-04-12,1900-04-07 21:36:00,NA,NA,"0.3","-0.3"
"41334",1039.9,758,335.5,199,159.6,115.3,108.7,1900-04-12 07:12:00,1900-04-08 02:24:00,NA,NA,"0.2","-0.6"
"41365",1040.3,758.3,335.6,199.1,159.7,115.3,108.7,1900-04-12 07:12:00,1900-04-08 02:24:00,NA,NA,"0","-0.6"
"41395",1041.4,759.1,336,199.3,159.9,115.4,108.8,1900-04-12 09:36:00,1900-04-08 04:48:00,NA,NA,"0.1","-0.5"
"41426",1042.5,759.9,336.3,199.5,160,115.6,108.9,1900-04-12 12:00:00,1900-04-08 07:12:00,NA,NA,"0.1","-0.1"
"41456",1038.7,757.2,335.1,198.8,159.4,115.1,108.5,1900-04-12 02:24:00,1900-04-08,NA,NA,"-0.4","0"
"41487",1038,756.6,334.9,198.6,159.3,115.1,108.5,1900-04-12 02:24:00,1900-04-07 21:36:00,NA,NA,"-0.1","0"
"41518",1041.1,758.9,335.9,199.2,159.8,115.4,108.8,1900-04-12 09:36:00,1900-04-08 04:48:00,NA,NA,"0.3","-0.1"
"41548",1040.3,758.3,335.6,199.1,159.7,115.3,108.7,1900-04-12 07:12:00,1900-04-08 02:24:00,NA,NA,"-0.1","-0.3"
"41579",1040.4,758.4,335.7,199.1,159.7,115.3,108.7,1900-04-12 07:12:00,1900-04-08 02:24:00,NA,NA,"0","0.1"
"41609",1038,756.7,334.9,198.7,159.3,115.1,108.5,1900-04-12 02:24:00,1900-04-07 21:36:00,NA,NA,"-0.2","0.1"
"41640",1035.2,754.6,334,198.1,158.9,114.8,108.2,1900-04-11 19:12:00,1900-04-07 14:24:00,NA,NA,"-0.3","0.1"
"41671",1036.2,755.3,334.3,198.3,159.1,114.9,108.3,1900-04-11 21:36:00,1900-04-07 16:48:00,NA,NA,"0.1","-0.1"
"41699",1040,758.1,335.5,199,159.6,115.3,108.7,1900-04-12 07:12:00,1900-04-08 02:24:00,NA,NA,"0.4","0"
"41730",1040.7,758.6,335.8,199.2,159.7,115.4,108.7,1900-04-12 07:12:00,1900-04-08 04:48:00,NA,NA,"0.1","0"
"41760",1043.7,760.8,336.7,199.7,160.2,115.7,109.1,1900-04-12 14:24:00,1900-04-08 12:00:00,NA,NA,"0.3","0.2"
"41791",1043,760.3,336.5,199.6,160.1,115.6,109,1900-04-12 14:24:00,1900-04-08 09:36:00,NA,NA,"-0.1","0"
"41821",1039.1,757.4,335.2,198.9,159.5,115.2,108.6,1900-04-12 04:48:00,1900-04-08,NA,NA,"-0.4","0"
"41852",1038.7,757.2,335.1,198.8,159.4,115.1,108.5,1900-04-12 02:24:00,1900-04-08,NA,NA,"0","0.1"
"41883",1040.2,758.2,335.6,199.1,159.7,115.3,108.7,1900-04-12 07:12:00,1900-04-08 02:24:00,NA,NA,"0.1","-0.1"
"41913",1040.2,758.2,335.6,199.1,159.7,115.3,108.7,1900-04-12 07:12:00,1900-04-08 02:24:00,NA,NA,"0","0"
"41944",1039.8,757.9,335.5,199,159.6,115.3,108.6,1900-04-12 04:48:00,1900-04-08 02:24:00,NA,NA,"0","-0.1"
"41974",1034.6,754.2,333.8,198,158.8,114.7,108.1,1900-04-11 16:48:00,1900-04-07 14:24:00,NA,NA,"-0.5","-0.3"
"42005",1030.2,750.9,332.4,197.1,158.1,114.2,107.6,1900-04-11 07:12:00,1900-04-07 04:48:00,NA,NA,"-0.4","-0.5"
"42036",1027.5,749,331.5,196.6,157.7,113.9,107.4,1900-04-11,1900-04-06 21:36:00,NA,NA,"-0.3","-0.8"
"42064",1030.9,751.4,332.6,197.3,158.2,114.3,107.7,1900-04-11 09:36:00,1900-04-07 04:48:00,NA,NA,"0.3","-0.9"
"42095",1029,750.1,332,196.9,157.9,114.1,107.5,1900-04-11 04:48:00,1900-04-07 02:24:00,NA,NA,"-0.2","-1.1000000000000001"
"42125",1031.4,751.8,332.8,197.4,158.3,114.3,107.8,1900-04-11 09:36:00,1900-04-07 07:12:00,NA,NA,"0.2","-1.2"
"42156",1032.1,752.4,333,197.5,158.4,114.4,107.8,1900-04-11 12:00:00,1900-04-07 09:36:00,NA,NA,"0.1","-1"
"42186",1025.8,747.7,331,196.3,157.5,113.7,107.2,1900-04-10 19:12:00,1900-04-06 19:12:00,NA,NA,"-0.6","-1.3"
"42217",1024.2,746.5,330.4,196,157.2,113.5,107,1900-04-10 16:48:00,1900-04-06 14:24:00,NA,NA,"-0.2","-1.4"
"42248",1025.2,747.3,330.8,196.2,157.4,113.6,107.1,1900-04-10 19:12:00,1900-04-06 16:48:00,NA,NA,"0.1","-1.4"
"42278",1026,747.9,331,196.4,157.5,113.7,107.2,1900-04-10 21:36:00,1900-04-06 19:12:00,NA,NA,"0.1","-1.4"
"42309",1025.3,747.4,330.8,196.2,157.4,113.7,107.1,1900-04-10 19:12:00,1900-04-06 16:48:00,NA,NA,"-0.1","-1.4"
"42339",1021.1,744.3,329.4,195.4,156.7,113.2,106.7,1900-04-10 09:36:00,1900-04-06 07:12:00,1900-04-09,NA,"-0.4","-1.3"
"42370",1017.1,741.4,328.2,194.7,156.1,112.7,106.3,1900-04-10,1900-04-05 21:36:00,1900-04-08 14:24:00,NA,"-0.4","-1.3"
"42401",1019,742.8,328.8,195,156.4,113,106.5,1900-04-10 04:48:00,1900-04-06 02:24:00,1900-04-08 19:12:00,NA,"0.2","-0.8"
"42430",1022,745,329.7,195.6,156.9,113.3,106.8,1900-04-10 12:00:00,1900-04-06 09:36:00,1900-04-09 02:24:00,NA,"0.3","-0.9"
"42461",1025.4,747.4,330.8,196.2,157.4,113.7,107.1,1900-04-10 19:12:00,1900-04-06 16:48:00,1900-04-09 09:36:00,NA,"0.3","-0.4"
"42491",1026.9,748.5,331.3,196.5,157.6,113.8,107.3,1900-04-11,1900-04-06 21:36:00,1900-04-09 14:24:00,NA,"0.1","-0.4"
"42522",1028.3,749.6,331.8,196.8,157.8,114,107.4,1900-04-11 02:24:00,1900-04-07,1900-04-09 16:48:00,NA,"0.1","-0.4"
"42552",1023.7,746.2,330.3,195.9,157.1,113.5,107,1900-04-10 14:24:00,1900-04-06 14:24:00,1900-04-09 07:12:00,NA,"-0.4","-0.2"
"42583",1022.7,745.5,330,195.7,157,113.4,106.9,1900-04-10 12:00:00,1900-04-06 12:00:00,1900-04-09 04:48:00,NA,"-0.1","-0.1"
"42614",1023.3,745.9,330.2,195.8,157.1,113.4,106.9,1900-04-10 14:24:00,1900-04-06 12:00:00,1900-04-09 04:48:00,NA,"0.1","-0.2"
"42644",1023.8,746.3,330.3,195.9,157.2,113.5,107,1900-04-10 16:48:00,1900-04-06 14:24:00,1900-04-09 07:12:00,NA,"0.1","-0.2"
"42675",1021.8,744.8,329.7,195.6,156.8,113.3,106.8,1900-04-10 12:00:00,1900-04-06 09:36:00,1900-04-09 02:24:00,NA,"-0.2","-0.3"
"42705",1021,744.2,329.4,195.4,156.7,113.2,106.7,1900-04-10 09:36:00,1900-04-06 07:12:00,1900-04-09,NA,"-0.1","0"
"42736",1020.7,744,329.3,195.3,156.7,113.1,106.6,1900-04-10 07:12:00,1900-04-06 07:12:00,1900-04-09,NA,"0","0.3"
"42767",1025.6,747.6,330.9,196.3,157.4,113.7,107.2,1900-04-10 19:12:00,1900-04-06 16:48:00,1900-04-09 09:36:00,NA,"0.5","0.6"
"42795",1027.8,749.2,331.6,196.7,157.8,113.9,107.4,1900-04-11,1900-04-06 21:36:00,1900-04-09 16:48:00,NA,"0.2","0.6"
"42826",1029.9,750.7,332.3,197.1,158.1,114.2,107.6,1900-04-11 07:12:00,1900-04-07 02:24:00,1900-04-09 21:36:00,NA,"0.2","0.4"
"42856",1031.8,752.1,332.9,197.5,158.4,114.4,107.8,1900-04-11 09:36:00,1900-04-07 07:12:00,1900-04-10,NA,"0.2","0.5"
"42887",1030.3,751,332.4,197.2,158.1,114.2,107.7,1900-04-11 07:12:00,1900-04-07 04:48:00,1900-04-09 21:36:00,NA,"-0.1","0.2"
"42917",1027.1,748.7,331.4,196.6,157.7,113.9,107.3,1900-04-11,1900-04-06 21:36:00,1900-04-09 14:24:00,NA,"-0.3","0.3"
"42948",1027.4,748.9,331.5,196.6,157.7,113.9,107.4,1900-04-11,1900-04-06 21:36:00,1900-04-09 14:24:00,NA,"0","0.5"
"42979",1030,750.8,332.3,197.1,158.1,114.2,107.6,1900-04-11 07:12:00,1900-04-07 04:48:00,1900-04-09 21:36:00,NA,"0.2","0.7"
"43009",1030.6,751.3,332.5,197.2,158.2,114.2,107.7,1900-04-11 07:12:00,1900-04-07 04:48:00,1900-04-09 21:36:00,NA,"0.1","0.7"
"43040",1029.9,750.7,332.3,197.1,158.1,114.2,107.6,1900-04-11 07:12:00,1900-04-07 02:24:00,1900-04-09 21:36:00,NA,"-0.1","0.8"
"43070",1029.6,750.5,332.2,197,158,114.1,107.6,1900-04-11 04:48:00,1900-04-07 02:24:00,1900-04-09 19:12:00,NA,"0","0.8"
"43101",1028.2,749.5,331.7,196.8,157.8,114,107.4,1900-04-11 02:24:00,1900-04-07,1900-04-09 16:48:00,NA,"-0.1","0.7"
"43132",1032,752.3,333,197.5,158.4,114.4,107.8,1900-04-11 12:00:00,1900-04-07 07:12:00,1900-04-10 02:24:00,NA,"0.4","0.6"
"43160",1036,755.2,334.2,198.3,159,114.8,108.2,1900-04-11 21:36:00,1900-04-07 16:48:00,1900-04-10 12:00:00,NA,"0.4","0.8"
"43191",1038.1,756.7,334.9,198.7,159.3,115.1,108.5,1900-04-12 02:24:00,1900-04-07 21:36:00,1900-04-10 16:48:00,NA,"0.2","0.8"
"43221",1042.1,759.6,336.2,199.4,160,115.5,108.9,1900-04-12 12:00:00,1900-04-08 07:12:00,1900-04-11 02:24:00,NA,"0.4","1"
"43252",1042.1,759.6,336.2,199.4,160,115.5,108.9,1900-04-12 12:00:00,1900-04-08 07:12:00,1900-04-11 02:24:00,NA,"0","1.1000000000000001"
"43282",1039.7,757.9,335.5,199,159.6,115.3,108.6,1900-04-12 04:48:00,1900-04-08 02:24:00,1900-04-10 19:12:00,NA,"-0.2","1.2"
"43313",1039.6,757.8,335.4,198.9,159.6,115.2,108.6,1900-04-12 04:48:00,1900-04-08 02:24:00,1900-04-10 19:12:00,NA,"0","1.2"
"43344",1040.2,758.2,335.6,199.1,159.7,115.3,108.7,1900-04-12 07:12:00,1900-04-08 02:24:00,1900-04-10 21:36:00,NA,"0.1","1"
"43374",1042,759.6,336.2,199.4,159.9,115.5,108.9,1900-04-12 12:00:00,1900-04-08 07:12:00,1900-04-11 02:24:00,NA,"0.2","1.1000000000000001"
"43405",1039.4,757.6,335.3,198.9,159.5,115.2,108.6,1900-04-12 04:48:00,1900-04-08,1900-04-10 19:12:00,NA,"-0.3","0.9"
"43435",1036.7,755.7,334.5,198.4,159.1,114.9,108.3,1900-04-11 21:36:00,1900-04-07 19:12:00,1900-04-10 12:00:00,NA,"-0.3","0.7"
"43466",1034,753.7,333.6,197.9,158.7,114.6,108,1900-04-11 16:48:00,1900-04-07 12:00:00,1900-04-10 07:12:00,NA,"-0.3","0.6"
"43497",1038,756.6,334.9,198.6,159.3,115.1,108.5,1900-04-12 02:24:00,1900-04-07 21:36:00,1900-04-10 16:48:00,NA,"0.4","0.6"
"43525",1043.5,760.7,336.7,199.7,160.2,115.7,109,1900-04-12 14:24:00,1900-04-08 09:36:00,1900-04-11 04:48:00,NA,"0.5","0.7"
"43556",1045.5,762.1,337.3,200.1,160.5,115.9,109.2,1900-04-12 19:12:00,1900-04-08 14:24:00,1900-04-11 09:36:00,NA,"0.2","0.7"
"43586",1048.7,764.4,338.4,200.7,161,116.2,109.6,1900-04-13 02:24:00,1900-04-08 21:36:00,1900-04-11 16:48:00,NA,"0.3","0.6"
"43617",1048.4,764.2,338.3,200.6,160.9,116.2,109.5,1900-04-13 02:24:00,1900-04-08 21:36:00,1900-04-11 16:48:00,NA,"0","0.6"
"43647",1043,760.3,336.5,199.6,160.1,115.6,109,1900-04-12 14:24:00,1900-04-08 09:36:00,1900-04-11 02:24:00,NA,"-0.5","0.3"
"43678",1042.9,760.2,336.5,199.6,160.1,115.6,109,1900-04-12 12:00:00,1900-04-08 09:36:00,1900-04-11 02:24:00,NA,"0","0.3"
"43709",1041.7,759.3,336.1,199.4,159.9,115.5,108.9,1900-04-12 09:36:00,1900-04-08 07:12:00,1900-04-11,NA,"-0.1","0.1"
"43739",1039.4,757.6,335.3,198.9,159.5,115.2,108.6,1900-04-12 04:48:00,1900-04-08,1900-04-10 19:12:00,NA,"-0.2","-0.3"
"43770",1038,756.6,334.9,198.6,159.3,115.1,108.5,1900-04-12 02:24:00,1900-04-07 21:36:00,1900-04-10 16:48:00,NA,"-0.1","-0.1"
"43800",1038.3,756.9,335,198.7,159.4,115.1,108.5,1900-04-12 02:24:00,1900-04-07 21:36:00,1900-04-10 16:48:00,NA,"0","0.2"
"43831",1036.1,755.2,334.3,198.3,159,114.8,108.3,1900-04-11 21:36:00,1900-04-07 16:48:00,1900-04-10 12:00:00,NA,"-0.2","0.2"
"43862",1037.4,756.2,334.7,198.5,159.2,115,108.4,1900-04-12,1900-04-07 21:36:00,1900-04-10 14:24:00,NA,"0.1","-0.1"
"43891",1038.1,756.7,334.9,198.7,159.3,115.1,108.5,1900-04-12 02:24:00,1900-04-07 21:36:00,1900-04-10 16:48:00,NA,"0.1","-0.5"
"43922",1034.4,754,333.7,198,158.8,114.7,108.1,1900-04-11 16:48:00,1900-04-07 14:24:00,1900-04-10 07:12:00,NA,"-0.4","-1.1000000000000001"
"43952",1034.8,754.3,333.9,198,158.8,114.7,108.1,1900-04-11 16:48:00,1900-04-07 14:24:00,1900-04-10 07:12:00,NA,"0","-1.3"
"43983",1035,754.5,333.9,198.1,158.9,114.7,108.1,1900-04-11 19:12:00,1900-04-07 14:24:00,1900-04-10 09:36:00,NA,"0","-1.3"
"44013",1033.4,753.3,333.4,197.8,158.6,114.6,108,1900-04-11 14:24:00,1900-04-07 12:00:00,1900-04-10 04:48:00,NA,"-0.2","-0.9"
"44044",1033.8,753.6,333.6,197.9,158.7,114.6,108,1900-04-11 14:24:00,1900-04-07 12:00:00,1900-04-10 04:48:00,NA,"0","-0.9"
"44075",1033.4,753.3,333.4,197.8,158.6,114.6,108,1900-04-11 14:24:00,1900-04-07 12:00:00,1900-04-10 04:48:00,NA,"0","-0.8"
"44105",1033.5,753.3,333.4,197.8,158.6,114.6,108,1900-04-11 14:24:00,1900-04-07 12:00:00,1900-04-10 04:48:00,NA,"0","-0.6"
"44136",1030.9,751.5,332.6,197.3,158.2,114.3,107.7,1900-04-11 09:36:00,1900-04-07 04:48:00,1900-04-10,NA,"-0.2","-0.7"
"44166",1029.9,750.7,332.3,197.1,158.1,114.2,107.6,1900-04-11 07:12:00,1900-04-07 02:24:00,1900-04-09 21:36:00,1900-04-09,"-0.1","-0.8"
"44197",1030.4,751.1,332.5,197.2,158.2,114.2,107.7,1900-04-11 07:12:00,1900-04-07 04:48:00,1900-04-09 21:36:00,1900-04-09 02:24:00,"0.1","-0.5"
"44228",1032.1,752.3,333,197.5,158.4,114.4,107.8,1900-04-11 12:00:00,1900-04-07 09:36:00,1900-04-10 02:24:00,1900-04-09 04:48:00,"0.2","-0.5"
"44256",1035.6,754.9,334.1,198.2,159,114.8,108.2,1900-04-11 19:12:00,1900-04-07 16:48:00,1900-04-10 09:36:00,1900-04-09 14:24:00,"0.3","-0.2"
"44287",1037.8,756.5,334.8,198.6,159.3,115,108.4,1900-04-12,1900-04-07 21:36:00,1900-04-10 14:24:00,1900-04-09 19:12:00,"0.2","0.3"
"44317",1040.5,758.5,335.7,199.1,159.7,115.3,108.7,1900-04-12 07:12:00,1900-04-08 04:48:00,1900-04-10 21:36:00,1900-04-10,"0.3","0.6"
"44348",1041.3,759,336,199.3,159.8,115.4,108.8,1900-04-12 09:36:00,1900-04-08 04:48:00,1900-04-11,1900-04-10 02:24:00,"0.1","0.6"
"44378",1040.4,758.4,335.7,199.1,159.7,115.3,108.7,1900-04-12 07:12:00,1900-04-08 02:24:00,1900-04-10 21:36:00,1900-04-10,"-0.1","0.7"
"44409",1043,760.2,336.5,199.6,160.1,115.6,109,1900-04-12 14:24:00,1900-04-08 09:36:00,1900-04-11 02:24:00,1900-04-10 07:12:00,"0.2","0.9"
"44440",1043.1,760.4,336.6,199.6,160.1,115.6,109,1900-04-12 14:24:00,1900-04-08 09:36:00,1900-04-11 04:48:00,1900-04-10 07:12:00,"0","0.9"
"44470",1046.3,762.7,337.6,200.2,160.6,116,109.3,1900-04-12 21:36:00,1900-04-08 16:48:00,1900-04-11 12:00:00,1900-04-10 14:24:00,"0.3","1.2"
"44501",1046.7,763,337.7,200.3,160.7,116,109.4,1900-04-12 21:36:00,1900-04-08 16:48:00,1900-04-11 12:00:00,1900-04-10 14:24:00,"0","1.5"
"44531",1045.6,762.2,337.4,200.1,160.5,115.9,109.3,1900-04-12 19:12:00,1900-04-08 14:24:00,1900-04-11 09:36:00,1900-04-10 12:00:00,"-0.1","1.5"
"44562",1047.4,763.5,337.9,200.5,160.8,116.1,109.4,1900-04-13,1900-04-08 19:12:00,1900-04-11 14:24:00,1900-04-10 16:48:00,"0.2","1.6"
"44593",1054.3,768.5,340.2,201.8,161.8,116.9,110.2,1900-04-13 16:48:00,1900-04-09 12:00:00,1900-04-12 07:12:00,1900-04-11 09:36:00,"0.7","2.2000000000000002"
"44621",1060.3,772.9,342.1,202.9,162.7,117.5,110.8,1900-04-14 07:12:00,1900-04-10,1900-04-12 19:12:00,1900-04-12,"0.6","2.4"
"44652",1064.2,775.7,343.4,203.7,163.3,118,111.2,1900-04-14 16:48:00,1900-04-10 09:36:00,1900-04-13 04:48:00,1900-04-12 07:12:00,"0.4","2.5"
"44682",1071.1,780.8,345.6,205,164.4,118.7,111.9,1900-04-15 07:12:00,1900-04-11 02:24:00,1900-04-13 21:36:00,1900-04-13,"0.7","2.9"
"44713",1076.5,784.7,347.3,206,165.2,119.3,112.5,1900-04-15 21:36:00,1900-04-11 14:24:00,1900-04-14 09:36:00,1900-04-13 12:00:00,"0.5","3.4"
"44743",1076.1,784.4,347.2,205.9,165.2,119.3,112.4,1900-04-15 19:12:00,1900-04-11 14:24:00,1900-04-14 09:36:00,1900-04-13 12:00:00,"0","3.4"
"44774",1079,786.5,348.1,206.5,165.6,119.6,112.7,1900-04-16 02:24:00,1900-04-11 19:12:00,1900-04-14 16:48:00,1900-04-13 19:12:00,"0.3","3.5"
"44805",1077.1,785.1,347.5,206.1,165.3,119.4,112.5,1900-04-15 21:36:00,1900-04-11 14:24:00,1900-04-14 12:00:00,1900-04-13 14:24:00,"-0.2","3.3"
"44835",1077.6,785.5,347.7,206.2,165.4,119.5,112.6,1900-04-16,1900-04-11 16:48:00,1900-04-14 12:00:00,1900-04-13 14:24:00,"0.1","3"
"44866",1077.7,785.6,347.7,206.2,165.4,119.5,112.6,1900-04-16,1900-04-11 16:48:00,1900-04-14 12:00:00,1900-04-13 14:24:00,"0","3"
"44896",1075.3,783.8,346.9,205.8,165.1,119.2,112.4,1900-04-15 19:12:00,1900-04-11 12:00:00,1900-04-14 07:12:00,1900-04-13 09:36:00,"-0.2","2.8"
"44927",1081.8,788.6,349,207,166,119.9,113,1900-04-16 09:36:00,1900-04-12 02:24:00,1900-04-14 21:36:00,1900-04-14,"0.6","3.3"
"44958",1089.9,794.4,351.6,208.6,167.3,120.8,113.9,1900-04-17 04:48:00,1900-04-12 21:36:00,1900-04-15 16:48:00,1900-04-14 19:12:00,"0.7","3.4"
"44986",1091.5,795.7,352.2,208.9,167.5,121,114.1,1900-04-17 09:36:00,1900-04-13,1900-04-15 21:36:00,1900-04-15,"0.2","2.9"
"45017",1091.5,795.6,352.2,208.9,167.5,121,114.1,1900-04-17 09:36:00,1900-04-13,1900-04-15 21:36:00,1900-04-15,"0","2.6"
"45047",1094.2,797.6,353,209.4,168,121.3,114.3,1900-04-17 14:24:00,1900-04-13 07:12:00,1900-04-16 04:48:00,1900-04-15 07:12:00,"0.3","2.2000000000000002"
"45078",1094.9,798.1,353.3,209.5,168.1,121.4,114.4,1900-04-17 16:48:00,1900-04-13 07:12:00,1900-04-16 04:48:00,1900-04-15 07:12:00,"0.1","1.7"
"45108",1093.4,797,352.8,209.3,167.8,121.2,114.2,1900-04-17 14:24:00,1900-04-13 04:48:00,1900-04-16 02:24:00,1900-04-15 04:48:00,"-0.1","1.6"
"45139",1095.7,798.7,353.5,209.7,168.2,121.5,114.5,1900-04-17 19:12:00,1900-04-13 09:36:00,1900-04-16 07:12:00,1900-04-15 09:36:00,"0.2","1.6"
"45170",1094.9,798.1,353.3,209.5,168.1,121.4,114.4,1900-04-17 16:48:00,1900-04-13 07:12:00,1900-04-16 04:48:00,1900-04-15 07:12:00,"-0.1","1.7"
"45200",1095.9,798.8,353.6,209.7,168.2,121.5,114.5,1900-04-17 19:12:00,1900-04-13 09:36:00,1900-04-16 07:12:00,1900-04-15 09:36:00,"0.1","1.7"
"45231",1093.2,796.9,352.7,209.2,167.8,121.2,114.2,1900-04-17 12:00:00,1900-04-13 04:48:00,1900-04-16 02:24:00,1900-04-15 04:48:00,"-0.2","1.4"
"45261",1093.8,797.3,352.9,209.3,167.9,121.2,114.3,1900-04-17 14:24:00,1900-04-13 04:48:00,1900-04-16 02:24:00,1900-04-15 04:48:00,"0","1.7"
"45292",1095.6,798.6,353.5,209.7,168.2,121.5,114.5,1900-04-17 19:12:00,1900-04-13 09:36:00,1900-04-16 07:12:00,1900-04-15 09:36:00,"0.2","1.3"
"45323",1102.6,803.7,355.7,211,169.2,122.2,115.2,1900-04-18 12:00:00,1900-04-14 02:24:00,1900-04-17,1900-04-16 02:24:00,"0.6","1.2"
"45352",NA,NA,NA,NA,NA,NA,NA,NA,NA,NA,NA,NA,NA
"45383",NA,NA,NA,NA,NA,NA,NA,NA,NA,NA,NA,NA,NA
"45413",NA,NA,NA,NA,NA,NA,NA,NA,NA,NA,NA,NA,NA
"45444",NA,NA,NA,NA,NA,NA,NA,NA,NA,NA,NA,NA,NA
"45474",NA,NA,NA,NA,NA,NA,NA,NA,NA,NA,NA,NA,NA
"45505",NA,NA,NA,NA,NA,NA,NA,NA,NA,NA,NA,NA,NA
"45536",NA,NA,NA,NA,NA,NA,NA,NA,NA,NA,NA,NA,NA
"45566",NA,NA,NA,NA,NA,NA,NA,NA,NA,NA,NA,NA,NA
"45597",NA,NA,NA,NA,NA,NA,NA,NA,NA,NA,NA,NA,NA
"45627",NA,NA,NA,NA,NA,NA,NA,NA,NA,NA,NA,NA,NA
NA,NA,NA,NA,NA,NA,NA,NA,NA,NA,NA,NA,NA,NA
"https://www.bfs.admin.ch/asset/de/cc-d-05.02.08",NA,NA,NA,NA,NA,NA,NA,NA,NA,NA,NA,NA,"Quelle: LIK / Source: IPC"
